Logger Details:,,,,,,,,,,,
Logger Type,1F8,,,,,,,,,,
Serial Number,KS0542006,,,,,,,,,,
Controller Firmware,3,,,,,,,,,,
Acquisition Firmware,3,,,,,,,,,,
Logger ID,Logger ID,,,,,,,,,,
,,,,,,,,,,,
Job Details,,,,,,,,,,,
Number of Analogue Channels,9,,,,,,,,,,
Number of Digital Channels,0,,,,,,,,,,
Total Number of Channels Used,9,,,,,,,,,,
,,,,,,,,,,,
Arm Time,26/10/2018 09:12:28,,,,,,,,,,
Disarm Time,26/10/2018 19:58:56,,,,,,,,,,
Duration,10:46:28,,,,,,,,,,
Job Description,Job Description,,,,,,,,,,
Channel Info,,,,,,,,,,,
Description,,,Ch1 ('C),ch2 ('C),ch3 ('C),ch4 ('C),ch5 ('C),ch6 ('C),ch7 ('C),ch8 ('C),Ref. Junction 1 ('C)
Sample Interval,,,00:00:30,00:00:30,00:00:30,00:00:30,00:00:30,00:00:30,00:00:30,00:00:30,Not Logged
Logging Interval,,,00:00:30,00:00:30,00:00:30,00:00:30,00:00:30,00:00:30,00:00:30,00:00:30,Not Logged
,,,,,,,,,,,
,,,,,,,,,,,
Date,Time,Type,Ch1 ('C),ch2 ('C),ch3 ('C),ch4 ('C),ch5 ('C),ch6 ('C),ch7 ('C),ch8 ('C),
26/10/2018,09:12:31,Interval,118.7,33.1,33.1,31.5,31.0,O/C,Under,O/C,
26/10/2018,09:13:01,Interval,30.4,33.0,32.8,31.0,30.0,O/C,Under,O/C,
26/10/2018,09:13:31,Interval,30.7,33.1,32.9,31.3,30.1,O/C,Under,O/C,
26/10/2018,09:14:01,Interval,30.7,33.0,32.9,31.4,30.2,O/C,Under,O/C,
26/10/2018,09:14:31,Interval,30.5,33.1,33.0,31.5,30.1,O/C,Under,O/C,
26/10/2018,09:15:01,Interval,30.7,33.1,32.9,31.4,30.2,O/C,Under,O/C,
26/10/2018,09:15:31,Interval,30.7,33.0,32.9,31.4,30.1,O/C,Under,O/C,
26/10/2018,09:16:01,Interval,30.6,33.0,32.9,31.5,30.0,O/C,Under,O/C,
26/10/2018,09:16:31,Interval,30.6,33.2,33.0,31.5,30.1,O/C,Under,O/C,
26/10/2018,09:17:01,Interval,30.7,32.9,32.7,31.2,30.0,O/C,Under,O/C,
26/10/2018,09:17:31,Interval,30.6,33.1,33.0,31.5,30.2,O/C,Under,O/C,
26/10/2018,09:18:01,Interval,30.7,33.0,32.8,31.4,30.1,O/C,Under,O/C,
26/10/2018,09:18:31,Interval,30.6,32.9,32.8,31.4,30.0,O/C,Under,O/C,
26/10/2018,09:19:01,Interval,30.7,32.9,32.9,31.5,30.1,O/C,Under,O/C,
26/10/2018,09:19:31,Interval,30.6,33.0,33.0,31.5,30.1,O/C,Under,O/C,
26/10/2018,09:20:01,Interval,30.7,32.9,32.7,31.4,30.0,O/C,Under,O/C,
26/10/2018,09:20:31,Interval,30.9,33.2,33.0,31.4,29.9,O/C,Under,O/C,
26/10/2018,09:21:01,Interval,30.7,33.0,32.9,31.4,29.9,O/C,Under,O/C,
26/10/2018,09:21:31,Interval,30.8,33.1,32.9,31.5,29.9,O/C,Under,O/C,
26/10/2018,09:22:01,Interval,30.7,33.2,32.9,31.4,29.9,O/C,Under,O/C,
26/10/2018,09:22:31,Interval,30.7,33.4,33.0,31.5,29.9,O/C,Under,O/C,
26/10/2018,09:23:01,Interval,30.9,33.5,33.1,31.5,30.2,O/C,Under,O/C,
26/10/2018,09:23:31,Interval,30.8,33.4,32.9,31.4,29.9,O/C,Under,O/C,
26/10/2018,09:24:01,Interval,30.8,33.4,33.0,31.5,29.9,O/C,Under,O/C,
26/10/2018,09:24:31,Interval,30.7,33.2,32.9,31.5,30.1,O/C,Under,O/C,
26/10/2018,09:25:01,Interval,30.7,33.4,33.1,31.4,29.8,O/C,Under,O/C,
26/10/2018,09:25:31,Interval,30.8,33.5,32.9,31.3,29.8,O/C,Under,O/C,
26/10/2018,09:26:01,Interval,30.8,33.3,32.8,31.3,29.8,O/C,Under,O/C,
26/10/2018,09:26:31,Interval,30.9,33.0,32.6,31.4,29.9,O/C,Under,O/C,
26/10/2018,09:27:01,Interval,30.7,33.0,32.7,31.3,29.9,O/C,Under,O/C,
26/10/2018,09:27:31,Interval,30.7,32.9,32.6,31.3,29.8,O/C,Under,O/C,
26/10/2018,09:28:01,Interval,30.9,33.1,32.7,31.3,29.8,O/C,Under,O/C,
26/10/2018,09:28:31,Interval,30.9,33.2,32.8,31.3,29.8,O/C,Under,O/C,
26/10/2018,09:29:01,Interval,30.9,33.3,33.1,31.4,29.7,O/C,Under,O/C,
26/10/2018,09:29:31,Interval,31.0,33.5,33.1,31.5,29.7,O/C,Under,O/C,
26/10/2018,09:30:01,Interval,31.1,33.5,32.9,31.3,29.8,O/C,Under,O/C,
26/10/2018,09:30:31,Interval,30.8,33.4,32.9,31.3,30.0,O/C,Under,O/C,
26/10/2018,09:31:01,Interval,30.8,33.3,32.8,31.3,30.1,O/C,Under,O/C,
26/10/2018,09:31:31,Interval,30.8,33.3,32.7,31.3,29.8,O/C,Under,O/C,
26/10/2018,09:32:01,Interval,30.8,33.4,32.8,31.4,29.8,O/C,Under,O/C,
26/10/2018,09:32:31,Interval,30.8,33.7,32.9,31.3,29.7,O/C,Under,O/C,
26/10/2018,09:33:01,Interval,30.7,33.3,32.8,31.4,29.8,O/C,Under,O/C,
26/10/2018,09:33:31,Interval,30.6,33.4,33.0,31.4,29.9,O/C,Under,O/C,
26/10/2018,09:34:01,Interval,30.7,33.4,32.9,31.3,29.8,O/C,Under,O/C,
26/10/2018,09:34:31,Interval,30.8,33.4,32.9,31.4,29.9,O/C,Under,O/C,
26/10/2018,09:35:01,Interval,30.7,33.3,32.8,31.2,29.8,O/C,Under,O/C,
26/10/2018,09:35:31,Interval,30.7,33.4,32.8,31.2,29.9,O/C,Under,O/C,
26/10/2018,09:36:01,Interval,30.9,33.2,32.7,31.1,29.6,O/C,Under,O/C,
26/10/2018,09:36:31,Interval,30.9,33.3,32.7,31.2,29.6,O/C,Under,O/C,
26/10/2018,09:37:01,Interval,30.8,33.3,32.7,31.2,29.7,O/C,Under,O/C,
26/10/2018,09:37:31,Interval,30.7,33.1,32.9,31.3,29.7,O/C,Under,O/C,
26/10/2018,09:38:01,Interval,30.8,33.4,32.8,31.2,29.8,O/C,Under,O/C,
26/10/2018,09:38:31,Interval,30.7,33.3,32.9,31.3,29.8,O/C,Under,O/C,
26/10/2018,09:39:01,Interval,30.7,33.5,33.0,31.4,29.9,O/C,Under,O/C,
26/10/2018,09:39:31,Interval,30.7,33.5,32.9,31.3,29.9,O/C,Under,O/C,
26/10/2018,09:40:01,Interval,30.8,33.4,32.8,31.4,30.0,O/C,Under,O/C,
26/10/2018,09:40:31,Interval,30.7,33.4,32.9,31.4,29.8,O/C,Under,O/C,
26/10/2018,09:41:01,Interval,30.6,33.4,32.8,31.4,29.9,O/C,Under,O/C,
26/10/2018,09:41:31,Interval,31.0,32.7,32.1,31.8,30.1,O/C,Under,O/C,
26/10/2018,09:42:01,Interval,31.6,34.7,33.8,32.6,31.0,O/C,Under,O/C,
26/10/2018,09:42:31,Interval,32.2,35.2,34.3,33.0,31.7,O/C,Under,O/C,
26/10/2018,09:43:01,Interval,32.3,35.5,34.6,33.2,32.1,O/C,Under,O/C,
26/10/2018,09:43:31,Interval,32.4,35.8,35.0,33.4,32.4,O/C,Under,O/C,
26/10/2018,09:44:01,Interval,32.5,36.0,35.2,33.6,32.5,O/C,Under,O/C,
26/10/2018,09:44:31,Interval,32.4,36.2,35.4,33.8,32.5,O/C,Under,O/C,
26/10/2018,09:45:01,Interval,31.5,36.4,36.3,34.6,32.6,O/C,Under,O/C,
26/10/2018,09:45:31,Interval,31.4,36.7,36.9,35.2,32.7,O/C,Under,O/C,
26/10/2018,09:46:01,Interval,31.5,37.0,37.3,35.5,32.9,O/C,Under,O/C,
26/10/2018,09:46:31,Interval,31.5,37.3,37.6,35.9,33.1,O/C,Under,O/C,
26/10/2018,09:47:01,Interval,31.3,37.5,37.8,36.0,33.1,O/C,Under,O/C,
26/10/2018,09:47:31,Interval,31.0,37.7,38.1,36.3,33.2,O/C,Under,O/C,
26/10/2018,09:48:01,Interval,30.8,37.8,38.3,36.4,33.3,O/C,Under,O/C,
26/10/2018,09:48:31,Interval,30.7,37.9,38.6,36.6,33.4,O/C,Under,O/C,
26/10/2018,09:49:01,Interval,30.8,38.2,38.8,36.8,33.5,O/C,Under,O/C,
26/10/2018,09:49:31,Interval,30.6,38.3,39.1,37.0,33.5,O/C,Under,O/C,
26/10/2018,09:50:01,Interval,30.6,38.5,39.3,37.1,33.6,O/C,Under,O/C,
26/10/2018,09:50:31,Interval,30.7,38.7,39.6,37.4,33.6,O/C,Under,O/C,
26/10/2018,09:51:01,Interval,30.3,38.8,39.8,37.6,33.6,O/C,Under,O/C,
26/10/2018,09:51:31,Interval,30.2,38.9,40.1,37.7,33.6,O/C,Under,O/C,
26/10/2018,09:52:01,Interval,30.4,39.1,40.3,37.8,33.6,O/C,Under,O/C,
26/10/2018,09:52:31,Interval,30.2,39.2,40.5,37.9,33.5,O/C,Under,O/C,
26/10/2018,09:53:01,Interval,30.4,39.4,40.7,38.0,33.5,O/C,Under,O/C,
26/10/2018,09:53:31,Interval,30.0,39.5,40.9,38.1,33.4,O/C,Under,O/C,
26/10/2018,09:54:01,Interval,30.2,39.6,41.1,38.3,33.4,O/C,Under,O/C,
26/10/2018,09:54:31,Interval,30.0,39.7,41.3,38.4,33.5,O/C,Under,O/C,
26/10/2018,09:55:01,Interval,30.0,39.8,41.4,38.5,33.5,O/C,Under,O/C,
26/10/2018,09:55:31,Interval,29.9,39.8,41.5,38.6,33.3,O/C,Under,O/C,
26/10/2018,09:56:01,Interval,29.9,39.8,41.7,38.7,33.2,O/C,Under,O/C,
26/10/2018,09:56:31,Interval,29.6,39.9,41.8,38.7,33.2,O/C,Under,O/C,
26/10/2018,09:57:01,Interval,29.9,40.0,41.9,38.8,33.3,O/C,Under,O/C,
26/10/2018,09:57:31,Interval,29.5,40.0,42.1,38.7,33.2,O/C,Under,O/C,
26/10/2018,09:58:01,Interval,29.4,40.1,42.2,38.9,33.1,O/C,Under,O/C,
26/10/2018,09:58:31,Interval,29.3,40.1,42.3,38.9,33.0,O/C,Under,O/C,
26/10/2018,09:59:01,Interval,29.5,40.3,42.4,39.0,33.0,O/C,Under,O/C,
26/10/2018,09:59:31,Interval,29.5,40.3,42.5,38.9,33.0,O/C,Under,O/C,
26/10/2018,10:00:01,Interval,29.1,40.3,42.6,39.0,32.9,O/C,Under,O/C,
26/10/2018,10:00:31,Interval,29.3,40.3,42.8,39.1,32.8,O/C,Under,O/C,
26/10/2018,10:01:01,Interval,29.1,40.3,42.8,39.2,32.7,O/C,Under,O/C,
26/10/2018,10:01:31,Interval,29.0,40.3,42.9,39.1,32.7,O/C,Under,O/C,
26/10/2018,10:02:01,Interval,28.9,40.3,43.1,39.1,32.6,O/C,Under,O/C,
26/10/2018,10:02:31,Interval,29.0,40.4,43.1,39.2,32.5,O/C,Under,O/C,
26/10/2018,10:03:01,Interval,29.2,40.5,43.2,39.2,32.5,O/C,Under,O/C,
26/10/2018,10:03:31,Interval,29.1,40.6,43.3,39.3,32.6,O/C,Under,O/C,
26/10/2018,10:04:01,Interval,29.0,40.6,43.4,39.4,32.4,O/C,Under,O/C,
26/10/2018,10:04:31,Interval,29.1,40.7,43.5,39.4,32.4,O/C,Under,O/C,
26/10/2018,10:05:01,Interval,29.0,40.7,43.6,39.4,32.4,O/C,Under,O/C,
26/10/2018,10:05:31,Interval,29.1,40.8,43.7,39.5,32.3,O/C,Under,O/C,
26/10/2018,10:06:01,Interval,28.7,40.7,43.8,39.5,32.3,O/C,Under,O/C,
26/10/2018,10:06:31,Interval,28.9,40.9,43.8,39.5,32.3,O/C,Under,O/C,
26/10/2018,10:07:01,Interval,29.0,40.9,43.9,39.5,32.2,O/C,Under,O/C,
26/10/2018,10:07:31,Interval,28.8,40.8,44.0,39.5,32.2,O/C,Under,O/C,
26/10/2018,10:08:01,Interval,28.7,40.8,44.1,39.6,32.1,O/C,Under,O/C,
26/10/2018,10:08:31,Interval,28.9,40.9,44.1,39.6,31.9,O/C,Under,O/C,
26/10/2018,10:09:01,Interval,29.0,41.0,44.2,39.6,32.0,O/C,Under,O/C,
26/10/2018,10:09:31,Interval,28.8,40.9,44.2,39.6,32.1,O/C,Under,O/C,
26/10/2018,10:10:01,Interval,28.7,41.0,44.3,39.5,31.9,O/C,Under,O/C,
26/10/2018,10:10:31,Interval,28.8,41.0,44.3,39.6,31.9,O/C,Under,O/C,
26/10/2018,10:11:01,Interval,29.1,41.1,44.3,39.6,31.8,O/C,Under,O/C,
26/10/2018,10:11:31,Interval,28.8,41.1,44.4,39.6,31.8,O/C,Under,O/C,
26/10/2018,10:12:01,Interval,28.7,41.1,44.5,39.6,31.8,O/C,Under,O/C,
26/10/2018,10:12:31,Interval,28.7,41.1,44.5,39.7,31.8,O/C,Under,O/C,
26/10/2018,10:13:01,Interval,28.9,41.2,44.6,39.6,31.7,O/C,Under,O/C,
26/10/2018,10:13:31,Interval,28.9,41.2,44.7,39.8,31.7,O/C,Under,O/C,
26/10/2018,10:14:01,Interval,883.7,41.4,44.7,39.7,31.7,O/C,Under,O/C,
26/10/2018,10:14:31,Interval,1038.0,41.6,44.7,39.6,31.6,O/C,Under,O/C,
26/10/2018,10:15:01,Interval,985.5,41.5,44.8,39.6,31.7,O/C,Under,O/C,
26/10/2018,10:15:31,Interval,1144.8,41.6,44.8,39.6,31.7,O/C,Under,O/C,
26/10/2018,10:16:01,Interval,1182.4,41.5,44.9,39.7,31.6,O/C,Under,O/C,
26/10/2018,10:16:31,Interval,#N/A,41.6,44.9,39.7,31.6,O/C,Under,O/C,
26/10/2018,10:17:01,Interval,#N/A,41.6,45.0,39.6,31.4,O/C,Under,O/C,
26/10/2018,10:17:31,Interval,#N/A,41.5,45.0,39.5,31.5,O/C,Under,O/C,
26/10/2018,10:18:01,Interval,#N/A,41.6,45.1,39.5,31.5,O/C,Under,O/C,
26/10/2018,10:18:31,Interval,#N/A,41.7,45.1,39.6,31.3,O/C,Under,O/C,
26/10/2018,10:19:01,Interval,#N/A,41.7,45.1,39.6,31.3,O/C,Under,O/C,
26/10/2018,10:19:31,Interval,#N/A,41.8,45.1,39.6,31.3,O/C,Under,O/C,
26/10/2018,10:20:01,Interval,#N/A,41.8,45.1,39.6,31.3,O/C,Under,O/C,
26/10/2018,10:20:31,Interval,#N/A,41.7,45.2,39.6,31.3,O/C,Under,O/C,
26/10/2018,10:21:01,Interval,#N/A,41.7,45.2,39.6,31.3,O/C,Under,O/C,
26/10/2018,10:21:31,Interval,#N/A,41.7,45.2,39.6,31.4,O/C,Under,O/C,
26/10/2018,10:22:01,Interval,#N/A,41.7,45.3,39.6,31.4,O/C,Under,O/C,
26/10/2018,10:22:31,Interval,#N/A,41.7,45.3,39.6,31.3,O/C,Under,O/C,
26/10/2018,10:23:01,Interval,#N/A,41.7,45.3,39.6,31.2,O/C,Under,O/C,
26/10/2018,10:23:31,Interval,#N/A,41.8,45.3,39.6,31.1,O/C,Under,O/C,
26/10/2018,10:24:01,Interval,#N/A,41.8,45.3,39.5,31.2,O/C,Under,O/C,
26/10/2018,10:24:31,Interval,#N/A,41.9,45.4,39.7,31.1,O/C,Under,O/C,
26/10/2018,10:25:01,Interval,#N/A,41.9,45.4,39.6,31.2,O/C,Under,O/C,
26/10/2018,10:25:31,Interval,#N/A,42.0,45.4,39.6,31.2,O/C,Under,O/C,
26/10/2018,10:26:01,Interval,#N/A,42.0,45.4,39.6,31.1,O/C,Under,O/C,
26/10/2018,10:26:31,Interval,#N/A,41.9,45.4,39.6,31.1,O/C,Under,O/C,
26/10/2018,10:27:01,Interval,#N/A,42.0,45.5,39.5,31.1,O/C,Under,O/C,
26/10/2018,10:27:31,Interval,#N/A,42.0,45.5,39.6,31.0,O/C,Under,O/C,
26/10/2018,10:28:01,Interval,#N/A,41.9,45.5,39.6,30.9,O/C,Under,O/C,
26/10/2018,10:28:31,Interval,#N/A,42.0,45.5,39.6,30.9,O/C,Under,O/C,
26/10/2018,10:29:01,Interval,#N/A,42.1,45.6,39.6,30.9,O/C,Under,O/C,
26/10/2018,10:29:31,Interval,#N/A,42.0,45.6,39.7,31.0,O/C,Under,O/C,
26/10/2018,10:30:01,Interval,#N/A,42.1,45.6,39.6,31.1,O/C,Under,O/C,
26/10/2018,10:30:31,Interval,#N/A,42.1,45.6,39.7,31.1,O/C,Under,O/C,
26/10/2018,10:31:01,Interval,#N/A,42.0,45.6,39.5,31.1,O/C,Under,O/C,
26/10/2018,10:31:31,Interval,#N/A,42.1,45.6,39.5,30.9,O/C,Under,O/C,
26/10/2018,10:32:01,Interval,#N/A,42.1,45.6,39.5,31.0,O/C,Under,O/C,
26/10/2018,10:32:31,Interval,#N/A,42.1,45.6,39.6,31.0,O/C,Under,O/C,
26/10/2018,10:33:01,Interval,#N/A,42.0,45.6,39.5,31.0,O/C,Under,O/C,
26/10/2018,10:33:31,Interval,#N/A,42.1,45.7,39.5,30.9,O/C,Under,O/C,
26/10/2018,10:34:01,Interval,#N/A,42.1,45.6,39.5,31.0,O/C,Under,O/C,
26/10/2018,10:34:31,Interval,#N/A,42.1,45.7,39.5,30.9,O/C,Under,O/C,
26/10/2018,10:35:01,Interval,#N/A,42.1,45.7,39.5,31.0,O/C,Under,O/C,
26/10/2018,10:35:31,Interval,#N/A,42.1,45.7,39.4,30.9,O/C,Under,O/C,
26/10/2018,10:36:01,Interval,#N/A,42.1,45.7,39.6,30.9,O/C,Under,O/C,
26/10/2018,10:36:31,Interval,#N/A,42.1,45.7,39.6,30.8,O/C,Under,O/C,
26/10/2018,10:37:01,Interval,#N/A,42.1,45.7,39.5,30.8,O/C,Under,O/C,
26/10/2018,10:37:31,Interval,#N/A,42.2,45.7,39.4,30.8,O/C,Under,O/C,
26/10/2018,10:38:01,Interval,#N/A,42.3,45.8,39.3,30.8,O/C,Under,O/C,
26/10/2018,10:38:31,Interval,29.9,42.1,45.7,39.4,30.8,O/C,Under,O/C,
26/10/2018,10:39:01,Interval,29.0,42.1,45.7,39.3,30.7,O/C,Under,O/C,
26/10/2018,10:39:31,Interval,29.1,42.1,45.7,39.3,30.7,O/C,Under,O/C,
26/10/2018,10:40:01,Interval,29.0,42.1,45.7,39.3,30.8,O/C,Under,O/C,
26/10/2018,10:40:31,Interval,29.4,42.1,45.7,39.4,30.7,O/C,Under,O/C,
26/10/2018,10:41:01,Interval,29.7,42.2,45.7,39.5,30.8,O/C,Under,O/C,
26/10/2018,10:41:31,Interval,29.0,42.1,45.7,39.4,30.8,O/C,Under,O/C,
26/10/2018,10:42:01,Interval,109.0,42.2,45.7,39.5,30.9,O/C,Under,O/C,
26/10/2018,10:42:31,Interval,30.2,42.2,45.5,39.4,31.1,O/C,Under,O/C,
26/10/2018,10:43:01,Interval,30.2,42.4,45.4,39.4,31.4,O/C,Under,O/C,
26/10/2018,10:43:31,Interval,30.4,42.5,45.3,39.3,31.3,O/C,Under,O/C,
26/10/2018,10:44:01,Interval,30.5,42.6,45.2,39.2,31.3,O/C,Under,O/C,
26/10/2018,10:44:31,Interval,30.6,42.5,45.1,39.1,31.3,O/C,Under,O/C,
26/10/2018,10:45:01,Interval,30.6,42.5,45.0,39.0,31.2,O/C,Under,O/C,
26/10/2018,10:45:31,Interval,30.7,42.5,44.9,39.0,31.3,O/C,Under,O/C,
26/10/2018,10:46:01,Interval,30.8,42.5,44.7,38.9,31.2,O/C,Under,O/C,
26/10/2018,10:46:31,Interval,30.7,42.3,44.6,38.8,31.2,O/C,Under,O/C,
26/10/2018,10:47:01,Interval,30.8,42.3,44.4,38.7,31.2,O/C,Under,O/C,
26/10/2018,10:47:31,Interval,30.8,42.2,44.3,38.6,31.2,O/C,Under,O/C,
26/10/2018,10:48:01,Interval,30.9,42.1,44.1,38.4,31.2,O/C,Under,O/C,
26/10/2018,10:48:31,Interval,30.8,42.1,44.0,38.3,31.3,O/C,Under,O/C,
26/10/2018,10:49:01,Interval,30.7,41.9,43.8,38.1,31.1,O/C,Under,O/C,
26/10/2018,10:49:31,Interval,30.8,41.9,43.7,38.1,31.1,O/C,Under,O/C,
26/10/2018,10:50:01,Interval,30.8,41.8,43.5,38.0,31.1,O/C,Under,O/C,
26/10/2018,10:50:31,Interval,30.8,41.7,43.4,37.9,31.1,O/C,Under,O/C,
26/10/2018,10:51:01,Interval,30.8,41.7,43.3,37.9,31.2,O/C,Under,O/C,
26/10/2018,10:51:31,Interval,30.8,41.6,43.2,37.8,31.1,O/C,Under,O/C,
26/10/2018,10:52:01,Interval,31.1,41.6,43.1,37.8,31.2,O/C,Under,O/C,
26/10/2018,10:52:31,Interval,30.9,41.6,43.1,37.7,31.2,O/C,Under,O/C,
26/10/2018,10:53:01,Interval,30.9,41.6,43.0,37.7,31.1,O/C,Under,O/C,
26/10/2018,10:53:31,Interval,31.0,41.6,42.9,37.7,31.1,O/C,Under,O/C,
26/10/2018,10:54:01,Interval,31.5,41.5,42.8,37.6,31.1,O/C,Under,O/C,
26/10/2018,10:54:31,Interval,31.2,41.5,42.7,37.6,31.1,O/C,Under,O/C,
26/10/2018,10:55:01,Interval,31.0,41.4,42.6,37.5,31.2,O/C,Under,O/C,
26/10/2018,10:55:31,Interval,31.0,41.4,42.6,37.4,31.2,O/C,Under,O/C,
26/10/2018,10:56:01,Interval,30.9,41.3,42.5,37.4,31.2,O/C,Under,O/C,
26/10/2018,10:56:31,Interval,30.9,41.3,42.3,37.3,31.2,O/C,Under,O/C,
26/10/2018,10:57:01,Interval,31.0,41.2,42.3,37.3,31.1,O/C,Under,O/C,
26/10/2018,10:57:31,Interval,31.0,41.2,42.3,37.2,31.1,O/C,Under,O/C,
26/10/2018,10:58:01,Interval,31.0,41.3,42.3,37.3,31.2,O/C,Under,O/C,
26/10/2018,10:58:31,Interval,31.1,41.3,42.2,37.2,31.1,O/C,Under,O/C,
26/10/2018,10:59:01,Interval,31.1,41.3,42.2,37.3,31.3,O/C,Under,O/C,
26/10/2018,10:59:31,Interval,31.0,41.2,42.1,37.2,31.2,O/C,Under,O/C,
26/10/2018,11:00:01,Interval,31.0,41.2,42.1,37.2,31.3,O/C,Under,O/C,
26/10/2018,11:00:31,Interval,31.1,41.2,42.0,37.2,31.3,O/C,Under,O/C,
26/10/2018,11:01:01,Interval,31.1,41.2,42.0,37.2,31.2,O/C,Under,O/C,
26/10/2018,11:01:31,Interval,31.1,41.1,42.0,37.2,31.2,O/C,Under,O/C,
26/10/2018,11:02:01,Interval,31.1,41.1,42.0,37.2,31.2,O/C,Under,O/C,
26/10/2018,11:02:31,Interval,31.1,41.1,41.9,37.2,31.2,O/C,Under,O/C,
26/10/2018,11:03:01,Interval,31.1,41.1,41.9,37.1,31.3,O/C,Under,O/C,
26/10/2018,11:03:31,Interval,31.2,41.1,41.9,37.1,31.3,O/C,Under,O/C,
26/10/2018,11:04:01,Interval,31.1,41.1,41.8,37.1,31.4,O/C,Under,O/C,
26/10/2018,11:04:31,Interval,31.1,41.0,41.8,37.1,31.4,O/C,Under,O/C,
26/10/2018,11:05:01,Interval,31.3,41.0,41.7,37.1,31.3,O/C,Under,O/C,
26/10/2018,11:05:31,Interval,31.3,41.0,41.6,37.1,31.3,O/C,Under,O/C,
26/10/2018,11:06:01,Interval,31.3,40.9,41.6,37.1,31.2,O/C,Under,O/C,
26/10/2018,11:06:31,Interval,31.4,40.9,41.6,37.0,31.2,O/C,Under,O/C,
26/10/2018,11:07:01,Interval,31.3,40.9,41.5,37.0,31.2,O/C,Under,O/C,
26/10/2018,11:07:31,Interval,31.3,40.9,41.5,37.0,31.3,O/C,Under,O/C,
26/10/2018,11:08:01,Interval,31.2,40.8,41.4,36.9,31.4,O/C,Under,O/C,
26/10/2018,11:08:31,Interval,31.1,40.8,41.4,36.9,31.4,O/C,Under,O/C,
26/10/2018,11:09:01,Interval,31.1,40.8,41.5,36.9,31.4,O/C,Under,O/C,
26/10/2018,11:09:31,Interval,31.1,40.8,41.4,36.9,31.3,O/C,Under,O/C,
26/10/2018,11:10:01,Interval,31.1,40.8,41.4,36.8,31.3,O/C,Under,O/C,
26/10/2018,11:10:31,Interval,31.1,40.7,41.3,36.9,31.3,O/C,Under,O/C,
26/10/2018,11:11:01,Interval,31.2,40.8,41.3,36.9,31.3,O/C,Under,O/C,
26/10/2018,11:11:31,Interval,31.1,40.7,41.3,36.8,31.3,O/C,Under,O/C,
26/10/2018,11:12:01,Interval,31.2,40.8,41.3,36.9,31.5,O/C,Under,O/C,
26/10/2018,11:12:31,Interval,31.1,40.7,41.3,36.9,31.5,O/C,Under,O/C,
26/10/2018,11:13:01,Interval,31.2,40.8,41.3,36.9,31.5,O/C,Under,O/C,
26/10/2018,11:13:31,Interval,31.2,40.8,41.3,37.0,31.6,O/C,Under,O/C,
26/10/2018,11:14:01,Interval,31.3,40.8,41.4,37.0,31.5,O/C,Under,O/C,
26/10/2018,11:14:31,Interval,31.3,40.8,41.4,37.1,31.5,O/C,Under,O/C,
26/10/2018,11:15:01,Interval,31.3,40.8,41.5,37.1,31.5,O/C,Under,O/C,
26/10/2018,11:15:31,Interval,31.3,40.9,41.5,37.1,31.5,O/C,Under,O/C,
26/10/2018,11:16:01,Interval,31.3,40.9,41.4,37.1,31.6,O/C,Under,O/C,
26/10/2018,11:16:31,Interval,31.2,40.9,41.4,37.0,31.5,O/C,Under,O/C,
26/10/2018,11:17:01,Interval,31.2,40.7,41.3,37.0,31.6,O/C,Under,O/C,
26/10/2018,11:17:31,Interval,31.1,40.7,41.3,37.0,31.6,O/C,Under,O/C,
26/10/2018,11:18:01,Interval,31.2,40.7,41.2,36.9,31.6,O/C,Under,O/C,
26/10/2018,11:18:31,Interval,31.2,40.7,41.2,36.9,31.6,O/C,Under,O/C,
26/10/2018,11:19:01,Interval,31.1,40.6,41.2,36.9,31.5,O/C,Under,O/C,
26/10/2018,11:19:31,Interval,31.0,40.6,41.2,36.9,31.5,O/C,Under,O/C,
26/10/2018,11:20:01,Interval,31.1,40.6,41.2,37.0,31.6,O/C,Under,O/C,
26/10/2018,11:20:31,Interval,31.1,40.7,41.2,36.9,31.6,O/C,Under,O/C,
26/10/2018,11:21:01,Interval,31.1,40.7,41.2,36.9,31.6,O/C,Under,O/C,
26/10/2018,11:21:31,Interval,31.1,40.7,41.2,36.9,31.7,O/C,Under,O/C,
26/10/2018,11:22:01,Interval,31.1,40.6,41.1,37.0,31.7,O/C,Under,O/C,
26/10/2018,11:22:31,Interval,31.1,40.6,41.1,36.9,31.6,O/C,Under,O/C,
26/10/2018,11:23:01,Interval,31.0,40.6,41.1,36.9,31.7,O/C,Under,O/C,
26/10/2018,11:23:31,Interval,31.0,40.5,41.0,36.9,31.7,O/C,Under,O/C,
26/10/2018,11:24:01,Interval,31.1,40.5,41.1,36.9,31.6,O/C,Under,O/C,
26/10/2018,11:24:31,Interval,31.1,40.5,41.0,36.8,31.6,O/C,Under,O/C,
26/10/2018,11:25:01,Interval,31.1,40.5,41.0,36.9,31.6,O/C,Under,O/C,
26/10/2018,11:25:31,Interval,31.0,40.5,41.0,36.9,31.7,O/C,Under,O/C,
26/10/2018,11:26:01,Interval,31.0,40.5,41.0,36.9,31.7,O/C,Under,O/C,
26/10/2018,11:26:31,Interval,31.0,40.4,41.0,36.9,31.8,O/C,Under,O/C,
26/10/2018,11:27:01,Interval,31.1,40.5,41.0,36.9,31.7,O/C,Under,O/C,
26/10/2018,11:27:31,Interval,31.1,40.5,41.0,36.9,31.6,O/C,Under,O/C,
26/10/2018,11:28:01,Interval,31.2,40.6,41.0,36.9,31.5,O/C,Under,O/C,
26/10/2018,11:28:31,Interval,31.2,40.6,41.1,36.9,31.6,O/C,Under,O/C,
26/10/2018,11:29:01,Interval,31.2,40.6,41.0,37.0,31.6,O/C,Under,O/C,
26/10/2018,11:29:31,Interval,31.2,40.6,41.0,37.0,31.7,O/C,Under,O/C,
26/10/2018,11:30:01,Interval,31.2,40.6,41.0,37.0,31.7,O/C,Under,O/C,
26/10/2018,11:30:31,Interval,31.1,40.5,41.1,36.9,31.7,O/C,Under,O/C,
26/10/2018,11:31:01,Interval,31.1,40.5,41.0,36.9,31.7,O/C,Under,O/C,
26/10/2018,11:31:31,Interval,31.2,40.5,41.0,36.9,31.7,O/C,Under,O/C,
26/10/2018,11:32:01,Interval,31.2,40.5,41.0,36.9,31.7,O/C,Under,O/C,
26/10/2018,11:32:31,Interval,31.2,40.5,41.0,36.9,31.7,O/C,Under,O/C,
26/10/2018,11:33:01,Interval,31.2,40.6,41.0,36.9,31.7,O/C,Under,O/C,
26/10/2018,11:33:31,Interval,31.2,40.6,41.0,36.9,31.8,O/C,Under,O/C,
26/10/2018,11:34:01,Interval,31.3,40.6,41.0,37.0,31.7,O/C,Under,O/C,
26/10/2018,11:34:31,Interval,31.3,40.6,41.1,37.0,31.7,O/C,Under,O/C,
26/10/2018,11:35:01,Interval,31.4,40.7,41.1,37.0,31.7,O/C,Under,O/C,
26/10/2018,11:35:31,Interval,31.3,40.7,41.2,37.1,31.8,O/C,Under,O/C,
26/10/2018,11:36:01,Interval,31.3,40.7,41.2,37.2,31.7,O/C,Under,O/C,
26/10/2018,11:36:31,Interval,31.2,40.7,41.1,37.1,31.7,O/C,Under,O/C,
26/10/2018,11:37:01,Interval,31.2,40.6,41.1,37.0,31.7,O/C,Under,O/C,
26/10/2018,11:37:31,Interval,31.2,40.5,41.1,37.0,31.7,O/C,Under,O/C,
26/10/2018,11:38:01,Interval,31.2,40.6,41.0,36.9,31.8,O/C,Under,O/C,
26/10/2018,11:38:31,Interval,31.1,40.5,41.0,36.9,31.8,O/C,Under,O/C,
26/10/2018,11:39:01,Interval,31.1,40.5,41.0,36.9,31.7,O/C,Under,O/C,
26/10/2018,11:39:31,Interval,31.1,40.5,40.9,36.9,31.8,O/C,Under,O/C,
26/10/2018,11:40:01,Interval,31.2,40.5,40.9,36.9,31.7,O/C,Under,O/C,
26/10/2018,11:40:31,Interval,31.1,40.5,40.9,36.9,31.8,O/C,Under,O/C,
26/10/2018,11:41:01,Interval,31.2,40.5,40.9,36.9,31.8,O/C,Under,O/C,
26/10/2018,11:41:31,Interval,31.2,40.6,40.9,36.9,31.7,O/C,Under,O/C,
26/10/2018,11:42:01,Interval,31.2,40.6,41.0,37.0,31.7,O/C,Under,O/C,
26/10/2018,11:42:31,Interval,31.2,40.5,41.0,36.9,31.8,O/C,Under,O/C,
26/10/2018,11:43:01,Interval,31.2,40.5,40.9,36.9,31.8,O/C,Under,O/C,
26/10/2018,11:43:31,Interval,31.2,40.5,40.9,36.9,31.8,O/C,Under,O/C,
26/10/2018,11:44:01,Interval,31.1,40.4,40.9,36.9,31.8,O/C,Under,O/C,
26/10/2018,11:44:31,Interval,31.2,40.4,40.9,36.9,31.7,O/C,Under,O/C,
26/10/2018,11:45:01,Interval,31.2,40.4,40.9,36.9,31.7,O/C,Under,O/C,
26/10/2018,11:45:31,Interval,31.1,40.4,40.9,36.9,31.7,O/C,Under,O/C,
26/10/2018,11:46:01,Interval,31.2,40.4,40.9,36.9,31.7,O/C,Under,O/C,
26/10/2018,11:46:31,Interval,31.2,40.5,40.9,36.9,31.7,O/C,Under,O/C,
26/10/2018,11:47:01,Interval,31.3,40.5,40.9,37.0,31.8,O/C,Under,O/C,
26/10/2018,11:47:31,Interval,31.3,40.5,40.9,37.0,31.9,O/C,Under,O/C,
26/10/2018,11:48:01,Interval,31.3,40.6,40.9,37.0,31.8,O/C,Under,O/C,
26/10/2018,11:48:31,Interval,31.3,40.5,40.9,37.0,31.8,O/C,Under,O/C,
26/10/2018,11:49:01,Interval,31.3,40.5,40.9,37.0,31.8,O/C,Under,O/C,
26/10/2018,11:49:31,Interval,31.4,40.5,40.9,37.0,31.7,O/C,Under,O/C,
26/10/2018,11:50:01,Interval,31.4,40.5,40.9,37.0,31.7,O/C,Under,O/C,
26/10/2018,11:50:31,Interval,31.3,40.5,40.9,37.0,31.8,O/C,Under,O/C,
26/10/2018,11:51:01,Interval,31.3,40.5,41.0,37.0,31.7,O/C,Under,O/C,
26/10/2018,11:51:31,Interval,31.4,40.6,41.2,37.2,31.8,O/C,Under,O/C,
26/10/2018,11:52:01,Interval,31.8,40.7,41.5,37.2,31.8,O/C,Under,O/C,
26/10/2018,11:52:31,Interval,117.3,40.8,41.7,37.2,31.7,O/C,Under,O/C,
26/10/2018,11:53:01,Interval,121.2,40.7,41.9,37.2,31.5,O/C,Under,O/C,
26/10/2018,11:53:31,Interval,129.2,40.6,42.2,37.2,31.4,O/C,Under,O/C,
26/10/2018,11:54:01,Interval,136.3,40.9,42.5,37.5,31.4,O/C,Under,O/C,
26/10/2018,11:54:31,Interval,131.8,41.1,42.9,37.7,31.6,O/C,Under,O/C,
26/10/2018,11:55:01,Interval,132.3,41.2,43.1,37.8,31.7,O/C,Under,O/C,
26/10/2018,11:55:31,Interval,131.4,41.3,43.4,37.9,31.7,O/C,Under,O/C,
26/10/2018,11:56:01,Interval,145.6,41.4,43.5,38.1,31.8,O/C,Under,O/C,
26/10/2018,11:56:31,Interval,136.7,41.5,43.7,38.1,31.9,O/C,Under,O/C,
26/10/2018,11:57:01,Interval,137.2,41.6,43.8,38.2,31.8,O/C,Under,O/C,
26/10/2018,11:57:31,Interval,121.7,41.6,44.0,38.2,31.8,O/C,Under,O/C,
26/10/2018,11:58:01,Interval,135.7,41.7,44.1,38.3,31.6,O/C,Under,O/C,
26/10/2018,11:58:31,Interval,126.3,41.7,44.2,38.3,31.8,O/C,Under,O/C,
26/10/2018,11:59:01,Interval,129.1,41.7,44.4,38.3,31.7,O/C,Under,O/C,
26/10/2018,11:59:31,Interval,124.8,41.8,44.5,38.4,31.7,O/C,Under,O/C,
26/10/2018,12:00:01,Interval,123.3,41.8,44.5,38.5,31.7,O/C,Under,O/C,
26/10/2018,12:00:31,Interval,126.6,41.8,44.6,38.4,31.7,O/C,Under,O/C,
26/10/2018,12:01:01,Interval,126.7,41.8,44.7,38.5,31.7,O/C,Under,O/C,
26/10/2018,12:01:31,Interval,135.0,41.8,44.8,38.5,31.6,O/C,Under,O/C,
26/10/2018,12:02:01,Interval,153.6,41.9,44.9,38.5,31.5,O/C,Under,O/C,
26/10/2018,12:02:31,Interval,152.6,41.9,45.0,38.5,31.6,O/C,Under,O/C,
26/10/2018,12:03:01,Interval,114.9,41.9,45.0,38.6,31.5,O/C,Under,O/C,
26/10/2018,12:03:31,Interval,90.0,41.9,45.1,38.6,31.5,O/C,Under,O/C,
26/10/2018,12:04:01,Interval,72.1,41.9,45.1,38.6,31.6,O/C,Under,O/C,
26/10/2018,12:04:31,Interval,70.1,41.9,45.2,38.7,31.5,O/C,Under,O/C,
26/10/2018,12:05:01,Interval,37.4,41.9,45.3,38.7,31.6,O/C,Under,O/C,
26/10/2018,12:05:31,Interval,32.1,41.8,45.3,38.7,31.6,O/C,Under,O/C,
26/10/2018,12:06:01,Interval,32.1,41.9,45.5,38.8,31.5,O/C,Under,O/C,
26/10/2018,12:06:31,Interval,32.0,41.9,45.5,38.8,31.5,O/C,Under,O/C,
26/10/2018,12:07:01,Interval,31.9,41.9,45.6,38.8,31.5,O/C,Under,O/C,
26/10/2018,12:07:31,Interval,32.0,41.9,45.6,38.8,31.5,O/C,Under,O/C,
26/10/2018,12:08:01,Interval,32.1,42.0,45.7,38.9,31.5,O/C,Under,O/C,
26/10/2018,12:08:31,Interval,31.9,41.9,45.7,38.8,31.5,O/C,Under,O/C,
26/10/2018,12:09:01,Interval,32.8,42.0,45.8,38.8,31.5,O/C,Under,O/C,
26/10/2018,12:09:31,Interval,104.7,42.2,45.8,38.9,31.5,O/C,Under,O/C,
26/10/2018,12:10:01,Interval,120.4,42.2,45.8,38.9,31.4,O/C,Under,O/C,
26/10/2018,12:10:31,Interval,89.5,42.2,45.9,38.8,31.4,O/C,Under,O/C,
26/10/2018,12:11:01,Interval,40.3,42.2,45.9,38.9,31.4,O/C,Under,O/C,
26/10/2018,12:11:31,Interval,41.6,42.3,46.0,38.9,31.3,O/C,Under,O/C,
26/10/2018,12:12:01,Interval,33.6,42.2,46.0,38.9,31.4,O/C,Under,O/C,
26/10/2018,12:12:31,Interval,33.9,42.3,46.1,38.9,31.4,O/C,Under,O/C,
26/10/2018,12:13:01,Interval,34.6,42.3,46.1,39.0,31.4,O/C,Under,O/C,
26/10/2018,12:13:31,Interval,34.2,42.3,46.2,39.0,31.5,O/C,Under,O/C,
26/10/2018,12:14:01,Interval,34.5,42.4,46.2,39.0,31.5,O/C,Under,O/C,
26/10/2018,12:14:31,Interval,33.0,42.3,46.2,39.0,31.4,O/C,Under,O/C,
26/10/2018,12:15:01,Interval,32.5,42.4,46.3,39.0,31.3,O/C,Under,O/C,
26/10/2018,12:15:31,Interval,32.4,42.4,46.4,39.1,31.3,O/C,Under,O/C,
26/10/2018,12:16:01,Interval,32.4,42.4,46.4,39.1,31.3,O/C,Under,O/C,
26/10/2018,12:16:31,Interval,32.1,42.4,46.5,39.1,31.4,O/C,Under,O/C,
26/10/2018,12:17:01,Interval,32.0,42.5,46.5,39.2,31.3,O/C,Under,O/C,
26/10/2018,12:17:31,Interval,32.0,42.5,46.5,39.2,31.3,O/C,Under,O/C,
26/10/2018,12:18:01,Interval,32.0,42.5,46.6,39.2,31.4,O/C,Under,O/C,
26/10/2018,12:18:31,Interval,32.0,42.5,46.6,39.2,31.4,O/C,Under,O/C,
26/10/2018,12:19:01,Interval,32.0,42.5,46.6,39.2,31.3,O/C,Under,O/C,
26/10/2018,12:19:31,Interval,32.0,42.5,46.6,39.1,31.2,O/C,Under,O/C,
26/10/2018,12:20:01,Interval,32.0,42.6,46.6,39.2,31.2,O/C,Under,O/C,
26/10/2018,12:20:31,Interval,31.9,42.5,46.6,39.1,31.2,O/C,Under,O/C,
26/10/2018,12:21:01,Interval,31.9,42.5,46.6,39.1,31.2,O/C,Under,O/C,
26/10/2018,12:21:31,Interval,31.7,42.5,46.6,39.1,31.2,O/C,Under,O/C,
26/10/2018,12:22:01,Interval,31.6,42.6,46.6,39.1,31.4,O/C,Under,O/C,
26/10/2018,12:22:31,Interval,31.6,42.6,46.6,39.1,31.3,O/C,Under,O/C,
26/10/2018,12:23:01,Interval,31.5,42.5,46.6,39.1,31.3,O/C,Under,O/C,
26/10/2018,12:23:31,Interval,31.6,42.6,46.6,39.1,31.3,O/C,Under,O/C,
26/10/2018,12:24:01,Interval,31.6,42.6,46.6,39.1,31.2,O/C,Under,O/C,
26/10/2018,12:24:31,Interval,31.7,42.6,46.6,39.1,31.2,O/C,Under,O/C,
26/10/2018,12:25:01,Interval,87.4,42.8,46.7,39.1,31.2,O/C,Under,O/C,
26/10/2018,12:25:31,Interval,68.8,42.8,46.7,39.1,31.2,O/C,Under,O/C,
26/10/2018,12:26:01,Interval,49.3,42.7,46.7,39.1,31.2,O/C,Under,O/C,
26/10/2018,12:26:31,Interval,49.7,42.7,46.7,39.1,31.2,O/C,Under,O/C,
26/10/2018,12:27:01,Interval,49.8,42.8,46.7,39.1,31.2,O/C,Under,O/C,
26/10/2018,12:27:31,Interval,52.4,42.8,46.8,39.1,31.1,O/C,Under,O/C,
26/10/2018,12:28:01,Interval,46.5,42.8,46.8,39.1,31.1,O/C,Under,O/C,
26/10/2018,12:28:31,Interval,44.1,42.8,46.8,39.1,31.0,O/C,Under,O/C,
26/10/2018,12:29:01,Interval,43.3,42.9,46.9,39.2,31.1,O/C,Under,O/C,
26/10/2018,12:29:31,Interval,43.2,42.9,46.8,39.1,31.1,O/C,Under,O/C,
26/10/2018,12:30:01,Interval,51.2,42.9,46.9,39.2,31.2,O/C,Under,O/C,
26/10/2018,12:30:31,Interval,42.3,42.9,46.9,39.2,31.2,O/C,Under,O/C,
26/10/2018,12:31:01,Interval,48.9,42.9,46.9,39.2,31.2,O/C,Under,O/C,
26/10/2018,12:31:31,Interval,42.2,43.0,46.9,39.2,31.2,O/C,Under,O/C,
26/10/2018,12:32:01,Interval,45.9,43.0,46.9,39.2,31.1,O/C,Under,O/C,
26/10/2018,12:32:31,Interval,46.6,43.0,47.0,39.2,31.2,O/C,Under,O/C,
26/10/2018,12:33:01,Interval,43.8,43.1,47.0,39.2,31.2,O/C,Under,O/C,
26/10/2018,12:33:31,Interval,48.1,43.1,47.0,39.2,31.2,O/C,Under,O/C,
26/10/2018,12:34:01,Interval,48.8,43.1,47.0,39.2,31.2,O/C,Under,O/C,
26/10/2018,12:34:31,Interval,33.7,43.0,47.0,39.2,31.1,O/C,Under,O/C,
26/10/2018,12:35:01,Interval,35.2,43.0,47.0,39.2,31.1,O/C,Under,O/C,
26/10/2018,12:35:31,Interval,35.3,43.0,47.0,39.3,31.0,O/C,Under,O/C,
26/10/2018,12:36:01,Interval,35.2,42.9,47.0,39.2,31.0,O/C,Under,O/C,
26/10/2018,12:36:31,Interval,34.2,42.5,47.1,39.2,30.8,O/C,Under,O/C,
26/10/2018,12:37:01,Interval,32.9,42.2,47.0,39.1,30.6,O/C,Under,O/C,
26/10/2018,12:37:31,Interval,32.7,42.1,47.0,39.1,30.5,O/C,Under,O/C,
26/10/2018,12:38:01,Interval,32.4,42.0,46.9,39.0,30.5,O/C,Under,O/C,
26/10/2018,12:38:31,Interval,32.4,42.0,46.9,39.0,30.6,O/C,Under,O/C,
26/10/2018,12:39:01,Interval,32.2,42.1,46.9,39.0,30.6,O/C,Under,O/C,
26/10/2018,12:39:31,Interval,32.1,42.2,47.0,39.1,30.6,O/C,Under,O/C,
26/10/2018,12:40:01,Interval,32.0,42.3,47.0,39.1,30.6,O/C,Under,O/C,
26/10/2018,12:40:31,Interval,32.2,42.4,47.2,39.2,30.6,O/C,Under,O/C,
26/10/2018,12:41:01,Interval,32.2,42.5,47.3,39.4,30.7,O/C,Under,O/C,
26/10/2018,12:41:31,Interval,32.1,42.5,47.4,39.3,30.8,O/C,Under,O/C,
26/10/2018,12:42:01,Interval,32.4,42.6,47.4,39.4,30.8,O/C,Under,O/C,
26/10/2018,12:42:31,Interval,32.4,42.7,47.5,39.5,30.8,O/C,Under,O/C,
26/10/2018,12:43:01,Interval,32.7,42.8,47.7,39.8,30.8,O/C,Under,O/C,
26/10/2018,12:43:31,Interval,32.7,42.9,47.8,39.8,30.9,O/C,Under,O/C,
26/10/2018,12:44:01,Interval,32.1,42.9,47.8,39.9,31.0,O/C,Under,O/C,
26/10/2018,12:44:31,Interval,31.8,42.9,47.9,40.0,31.0,O/C,Under,O/C,
26/10/2018,12:45:01,Interval,31.7,42.8,48.0,40.0,31.0,O/C,Under,O/C,
26/10/2018,12:45:31,Interval,31.3,42.8,48.0,39.9,30.9,O/C,Under,O/C,
26/10/2018,12:46:01,Interval,31.4,42.9,48.0,40.0,31.0,O/C,Under,O/C,
26/10/2018,12:46:31,Interval,31.6,42.9,48.0,40.0,30.9,O/C,Under,O/C,
26/10/2018,12:47:01,Interval,32.0,43.1,48.1,40.0,31.0,O/C,Under,O/C,
26/10/2018,12:47:31,Interval,32.0,42.9,48.1,40.1,31.1,O/C,Under,O/C,
26/10/2018,12:48:01,Interval,186.5,43.2,48.2,40.1,31.0,O/C,Under,O/C,
26/10/2018,12:48:31,Interval,616.2,43.2,48.2,40.0,30.9,O/C,Under,O/C,
26/10/2018,12:49:01,Interval,702.5,43.2,48.2,40.0,30.9,O/C,Under,O/C,
26/10/2018,12:49:31,Interval,627.2,43.2,48.3,40.1,30.8,O/C,Under,O/C,
26/10/2018,12:50:01,Interval,743.4,43.2,48.3,40.1,30.8,O/C,Under,O/C,
26/10/2018,12:50:31,Interval,755.9,43.3,48.3,40.0,30.8,O/C,Under,O/C,
26/10/2018,12:51:01,Interval,742.4,43.3,48.4,40.2,30.8,O/C,Under,O/C,
26/10/2018,12:51:31,Interval,705.4,43.3,48.4,40.1,30.8,O/C,Under,O/C,
26/10/2018,12:52:01,Interval,647.8,43.3,48.4,40.2,30.8,O/C,Under,O/C,
26/10/2018,12:52:31,Interval,659.1,43.3,48.5,40.2,30.8,O/C,Under,O/C,
26/10/2018,12:53:01,Interval,655.4,43.4,48.5,40.2,30.7,O/C,Under,O/C,
26/10/2018,12:53:31,Interval,661.7,43.2,48.5,40.1,30.7,O/C,Under,O/C,
26/10/2018,12:54:01,Interval,640.9,43.3,48.6,40.1,30.6,O/C,Under,O/C,
26/10/2018,12:54:31,Interval,688.7,43.2,48.6,40.1,30.7,O/C,Under,O/C,
26/10/2018,12:55:01,Interval,742.8,43.1,48.5,40.2,30.8,O/C,Under,O/C,
26/10/2018,12:55:31,Interval,696.4,43.1,48.6,40.1,30.7,O/C,Under,O/C,
26/10/2018,12:56:01,Interval,660.3,43.1,48.6,40.1,30.8,O/C,Under,O/C,
26/10/2018,12:56:31,Interval,662.2,43.2,48.5,40.1,30.7,O/C,Under,O/C,
26/10/2018,12:57:01,Interval,795.1,43.2,48.6,40.1,30.7,O/C,Under,O/C,
26/10/2018,12:57:31,Interval,684.7,43.2,48.6,40.1,30.8,O/C,Under,O/C,
26/10/2018,12:58:01,Interval,662.6,43.3,48.6,40.1,30.6,O/C,Under,O/C,
26/10/2018,12:58:31,Interval,693.2,43.4,48.7,40.1,30.7,O/C,Under,O/C,
26/10/2018,12:59:01,Interval,804.9,43.4,48.6,40.2,30.7,O/C,Under,O/C,
26/10/2018,12:59:31,Interval,736.1,43.4,48.8,40.1,30.6,O/C,Under,O/C,
26/10/2018,13:00:01,Interval,672.6,43.3,48.7,40.1,30.6,O/C,Under,O/C,
26/10/2018,13:00:31,Interval,716.7,43.3,48.8,40.1,30.6,O/C,Under,O/C,
26/10/2018,13:01:01,Interval,652.0,43.3,48.8,40.2,30.5,O/C,Under,O/C,
26/10/2018,13:01:31,Interval,734.4,43.3,48.9,40.2,30.6,O/C,Under,O/C,
26/10/2018,13:02:01,Interval,735.4,43.4,48.9,40.2,30.6,O/C,Under,O/C,
26/10/2018,13:02:31,Interval,693.2,43.4,48.9,40.3,30.6,O/C,Under,O/C,
26/10/2018,13:03:01,Interval,932.4,43.4,48.9,40.2,30.6,O/C,Under,O/C,
26/10/2018,13:03:31,Interval,835.6,43.4,48.9,40.3,30.7,O/C,Under,O/C,
26/10/2018,13:04:01,Interval,857.8,43.4,48.9,40.3,30.6,O/C,Under,O/C,
26/10/2018,13:04:31,Interval,876.6,43.3,48.9,40.2,30.7,O/C,Under,O/C,
26/10/2018,13:05:01,Interval,935.5,43.4,48.9,40.1,30.6,O/C,Under,O/C,
26/10/2018,13:05:31,Interval,862.7,43.4,48.8,40.2,30.5,O/C,Under,O/C,
26/10/2018,13:06:01,Interval,887.3,43.4,48.8,40.2,30.5,O/C,Under,O/C,
26/10/2018,13:06:31,Interval,891.0,43.4,48.8,40.2,30.5,O/C,Under,O/C,
26/10/2018,13:07:01,Interval,962.2,43.3,48.8,40.2,30.5,O/C,Under,O/C,
26/10/2018,13:07:31,Interval,888.5,43.3,48.8,40.1,30.4,O/C,Under,O/C,
26/10/2018,13:08:01,Interval,893.5,43.2,48.7,40.0,30.5,O/C,Under,O/C,
26/10/2018,13:08:31,Interval,876.5,43.2,48.7,39.9,30.4,O/C,Under,O/C,
26/10/2018,13:09:01,Interval,845.1,43.3,48.8,40.1,30.5,O/C,Under,O/C,
26/10/2018,13:09:31,Interval,904.5,43.4,48.7,40.0,30.4,O/C,Under,O/C,
26/10/2018,13:10:01,Interval,860.3,43.2,48.7,40.1,30.5,O/C,Under,O/C,
26/10/2018,13:10:31,Interval,937.1,43.3,48.8,40.1,30.4,O/C,Under,O/C,
26/10/2018,13:11:01,Interval,906.2,43.4,48.8,40.1,30.4,O/C,Under,O/C,
26/10/2018,13:11:31,Interval,937.1,43.3,48.8,40.1,30.5,O/C,Under,O/C,
26/10/2018,13:12:01,Interval,929.1,43.3,48.9,40.1,30.4,O/C,Under,O/C,
26/10/2018,13:12:31,Interval,1015.9,43.3,48.8,40.2,30.5,O/C,Under,O/C,
26/10/2018,13:13:01,Interval,1028.2,43.3,48.9,40.1,30.5,O/C,Under,O/C,
26/10/2018,13:13:31,Interval,1021.4,43.3,48.9,40.2,30.5,O/C,Under,O/C,
26/10/2018,13:14:01,Interval,1018.5,43.4,48.9,40.1,30.5,O/C,Under,O/C,
26/10/2018,13:14:31,Interval,1021.5,43.4,48.9,40.2,30.5,O/C,Under,O/C,
26/10/2018,13:15:01,Interval,1060.7,43.4,48.9,40.1,30.4,O/C,Under,O/C,
26/10/2018,13:15:31,Interval,1003.7,43.5,48.9,40.1,30.5,O/C,Under,O/C,
26/10/2018,13:16:01,Interval,1016.2,43.6,48.9,40.1,30.4,O/C,Under,O/C,
26/10/2018,13:16:31,Interval,1045.9,43.5,48.9,40.1,30.3,O/C,Under,O/C,
26/10/2018,13:17:01,Interval,1101.6,43.5,48.9,40.1,30.4,O/C,Under,O/C,
26/10/2018,13:17:31,Interval,1043.0,43.4,48.9,40.1,30.4,O/C,Under,O/C,
26/10/2018,13:18:01,Interval,1024.2,43.4,48.9,40.1,30.3,O/C,Under,O/C,
26/10/2018,13:18:31,Interval,1029.3,43.5,48.9,40.0,30.3,O/C,Under,O/C,
26/10/2018,13:19:01,Interval,1116.4,43.5,48.9,40.1,30.3,O/C,Under,O/C,
26/10/2018,13:19:31,Interval,1068.9,43.4,48.8,40.1,30.3,O/C,Under,O/C,
26/10/2018,13:20:01,Interval,1079.0,43.2,48.5,40.0,30.4,O/C,Under,O/C,
26/10/2018,13:20:31,Interval,1080.2,39.9,42.4,37.0,28.4,O/C,Under,O/C,
26/10/2018,13:21:01,Interval,1143.1,40.3,41.7,36.7,29.4,O/C,Under,O/C,
26/10/2018,13:21:31,Interval,1080.4,40.7,42.5,37.3,29.9,O/C,Under,O/C,
26/10/2018,13:22:01,Interval,1086.4,40.7,43.1,38.0,30.4,O/C,Under,O/C,
26/10/2018,13:22:31,Interval,1087.2,40.8,43.4,38.4,30.7,O/C,Under,O/C,
26/10/2018,13:23:01,Interval,1161.5,40.7,43.4,38.6,30.7,O/C,Under,O/C,
26/10/2018,13:23:31,Interval,1043.5,40.7,43.2,38.6,30.8,O/C,Under,O/C,
26/10/2018,13:24:01,Interval,1071.2,40.6,43.1,38.6,30.9,O/C,Under,O/C,
26/10/2018,13:24:31,Interval,1037.7,40.6,43.1,38.5,30.9,O/C,Under,O/C,
26/10/2018,13:25:01,Interval,1084.9,40.4,42.9,38.6,30.9,O/C,Under,O/C,
26/10/2018,13:25:31,Interval,1033.8,40.5,42.8,38.5,30.8,O/C,Under,O/C,
26/10/2018,13:26:01,Interval,1018.6,40.3,42.6,38.5,30.8,O/C,Under,O/C,
26/10/2018,13:26:31,Interval,600.5,40.3,42.5,38.4,30.9,O/C,Under,O/C,
26/10/2018,13:27:01,Interval,954.4,40.3,42.3,38.5,30.9,O/C,Under,O/C,
26/10/2018,13:27:31,Interval,1065.1,40.1,42.2,38.5,30.8,O/C,Under,O/C,
26/10/2018,13:28:01,Interval,351.7,40.1,42.2,38.4,30.8,O/C,Under,O/C,
26/10/2018,13:28:31,Interval,724.3,40.1,42.0,38.4,30.8,O/C,Under,O/C,
26/10/2018,13:29:01,Interval,539.2,40.1,41.9,38.4,30.9,O/C,Under,O/C,
26/10/2018,13:29:31,Interval,269.2,40.0,41.8,38.4,30.8,O/C,Under,O/C,
26/10/2018,13:30:01,Interval,105.6,39.9,41.7,38.3,30.8,O/C,Under,O/C,
26/10/2018,13:30:31,Interval,118.2,39.9,41.6,38.3,30.8,O/C,Under,O/C,
26/10/2018,13:31:01,Interval,138.6,39.8,41.5,38.3,30.8,O/C,Under,O/C,
26/10/2018,13:31:31,Interval,136.1,39.8,41.5,38.2,30.8,O/C,Under,O/C,
26/10/2018,13:32:01,Interval,131.8,39.8,41.4,38.2,30.7,O/C,Under,O/C,
26/10/2018,13:32:31,Interval,116.9,39.8,41.3,38.1,30.8,O/C,Under,O/C,
26/10/2018,13:33:01,Interval,83.3,39.6,41.2,38.1,30.7,O/C,Under,O/C,
26/10/2018,13:33:31,Interval,85.3,39.6,41.1,38.1,30.7,O/C,Under,O/C,
26/10/2018,13:34:01,Interval,114.9,39.7,41.2,38.1,30.6,O/C,Under,O/C,
26/10/2018,13:34:31,Interval,96.0,39.6,41.1,38.0,30.6,O/C,Under,O/C,
26/10/2018,13:35:01,Interval,96.2,39.7,41.0,38.0,30.6,O/C,Under,O/C,
26/10/2018,13:35:31,Interval,66.9,39.6,41.0,38.0,30.5,O/C,Under,O/C,
26/10/2018,13:36:01,Interval,72.4,39.5,41.0,38.0,30.6,O/C,Under,O/C,
26/10/2018,13:36:31,Interval,73.4,39.5,40.9,38.0,30.6,O/C,Under,O/C,
26/10/2018,13:37:01,Interval,79.4,39.6,40.8,38.0,30.5,O/C,Under,O/C,
26/10/2018,13:37:31,Interval,70.5,39.5,40.9,38.0,30.4,O/C,Under,O/C,
26/10/2018,13:38:01,Interval,55.1,39.5,40.8,38.0,30.5,O/C,Under,O/C,
26/10/2018,13:38:31,Interval,55.2,39.6,40.8,37.9,30.5,O/C,Under,O/C,
26/10/2018,13:39:01,Interval,76.0,39.6,40.8,37.9,30.6,O/C,Under,O/C,
26/10/2018,13:39:31,Interval,64.1,39.6,40.8,37.8,30.6,O/C,Under,O/C,
26/10/2018,13:40:01,Interval,64.1,39.6,40.8,37.9,30.6,O/C,Under,O/C,
26/10/2018,13:40:31,Interval,54.0,39.5,40.7,37.9,30.5,O/C,Under,O/C,
26/10/2018,13:41:01,Interval,60.7,39.6,40.7,37.9,30.4,O/C,Under,O/C,
26/10/2018,13:41:31,Interval,61.4,39.5,40.6,37.9,30.6,O/C,Under,O/C,
26/10/2018,13:42:01,Interval,60.6,39.6,40.6,37.8,30.4,O/C,Under,O/C,
26/10/2018,13:42:31,Interval,60.4,39.5,40.6,37.9,30.4,O/C,Under,O/C,
26/10/2018,13:43:01,Interval,62.3,39.5,40.6,37.9,30.4,O/C,Under,O/C,
26/10/2018,13:43:31,Interval,70.6,39.6,40.6,37.8,30.3,O/C,Under,O/C,
26/10/2018,13:44:01,Interval,67.8,39.4,40.6,37.8,30.3,O/C,Under,O/C,
26/10/2018,13:44:31,Interval,68.2,39.6,40.5,37.8,30.2,O/C,Under,O/C,
26/10/2018,13:45:01,Interval,53.3,39.6,40.5,37.7,30.2,O/C,Under,O/C,
26/10/2018,13:45:31,Interval,51.4,39.5,40.5,37.7,30.1,O/C,Under,O/C,
26/10/2018,13:46:01,Interval,51.6,39.5,40.5,37.7,30.3,O/C,Under,O/C,
26/10/2018,13:46:31,Interval,56.7,39.5,40.5,37.7,30.3,O/C,Under,O/C,
26/10/2018,13:47:01,Interval,57.3,39.6,40.5,37.7,30.3,O/C,Under,O/C,
26/10/2018,13:47:31,Interval,56.4,39.6,40.5,37.7,30.3,O/C,Under,O/C,
26/10/2018,13:48:01,Interval,56.5,39.5,40.5,37.7,30.3,O/C,Under,O/C,
26/10/2018,13:48:31,Interval,56.3,39.4,40.5,37.7,30.3,O/C,Under,O/C,
26/10/2018,13:49:01,Interval,56.1,39.6,40.5,37.8,30.3,O/C,Under,O/C,
26/10/2018,13:49:31,Interval,54.9,39.5,40.4,37.7,30.3,O/C,Under,O/C,
26/10/2018,13:50:01,Interval,56.4,39.7,40.4,37.7,30.3,O/C,Under,O/C,
26/10/2018,13:50:31,Interval,57.2,39.5,40.5,37.7,30.3,O/C,Under,O/C,
26/10/2018,13:51:01,Interval,55.0,39.6,40.5,37.7,30.3,O/C,Under,O/C,
26/10/2018,13:51:31,Interval,54.3,39.6,40.4,37.7,30.2,O/C,Under,O/C,
26/10/2018,13:52:01,Interval,53.9,39.5,40.5,37.7,30.2,O/C,Under,O/C,
26/10/2018,13:52:31,Interval,54.8,39.6,40.5,37.7,30.2,O/C,Under,O/C,
26/10/2018,13:53:01,Interval,58.8,39.7,40.5,37.7,30.2,O/C,Under,O/C,
26/10/2018,13:53:31,Interval,54.7,39.7,40.5,37.6,30.1,O/C,Under,O/C,
26/10/2018,13:54:01,Interval,55.3,39.7,40.5,37.6,30.1,O/C,Under,O/C,
26/10/2018,13:54:31,Interval,55.1,39.6,40.5,37.6,30.1,O/C,Under,O/C,
26/10/2018,13:55:01,Interval,55.5,39.6,40.4,37.7,30.1,O/C,Under,O/C,
26/10/2018,13:55:31,Interval,52.9,39.6,40.4,37.6,30.1,O/C,Under,O/C,
26/10/2018,13:56:01,Interval,54.2,39.7,40.4,37.6,30.1,O/C,Under,O/C,
26/10/2018,13:56:31,Interval,57.5,39.6,40.4,37.6,30.2,O/C,Under,O/C,
26/10/2018,13:57:01,Interval,55.3,39.6,40.5,37.5,30.2,O/C,Under,O/C,
26/10/2018,13:57:31,Interval,57.6,39.6,40.4,37.5,30.2,O/C,Under,O/C,
26/10/2018,13:58:01,Interval,56.4,39.6,40.4,37.5,30.1,O/C,Under,O/C,
26/10/2018,13:58:31,Interval,57.3,39.6,40.4,37.5,30.1,O/C,Under,O/C,
26/10/2018,13:59:01,Interval,61.3,39.7,40.4,37.5,30.1,O/C,Under,O/C,
26/10/2018,13:59:31,Interval,51.0,39.6,40.4,37.5,30.0,O/C,Under,O/C,
26/10/2018,14:00:01,Interval,51.3,39.6,40.4,37.6,30.1,O/C,Under,O/C,
26/10/2018,14:00:31,Interval,51.4,39.5,40.4,37.5,30.0,O/C,Under,O/C,
26/10/2018,14:01:01,Interval,53.2,39.7,40.4,37.6,30.0,O/C,Under,O/C,
26/10/2018,14:01:31,Interval,52.5,39.6,40.4,37.5,30.0,O/C,Under,O/C,
26/10/2018,14:02:01,Interval,52.2,39.6,40.3,37.5,30.1,O/C,Under,O/C,
26/10/2018,14:02:31,Interval,51.4,39.6,40.4,37.5,30.0,O/C,Under,O/C,
26/10/2018,14:03:01,Interval,54.5,39.7,40.4,37.5,30.0,O/C,Under,O/C,
26/10/2018,14:03:31,Interval,52.3,39.6,40.4,37.5,30.0,O/C,Under,O/C,
26/10/2018,14:04:01,Interval,51.3,39.6,40.4,37.5,30.0,O/C,Under,O/C,
26/10/2018,14:04:31,Interval,51.9,39.6,40.4,37.5,30.1,O/C,Under,O/C,
26/10/2018,14:05:01,Interval,35.6,39.6,40.4,37.5,30.4,O/C,Under,O/C,
26/10/2018,14:05:31,Interval,35.7,39.6,40.4,37.5,30.1,O/C,Under,O/C,
26/10/2018,14:06:01,Interval,35.7,39.7,40.4,37.6,30.1,O/C,Under,O/C,
26/10/2018,14:06:31,Interval,35.8,39.7,40.4,37.6,30.0,O/C,Under,O/C,
26/10/2018,14:07:01,Interval,35.7,39.6,40.4,37.7,30.0,O/C,Under,O/C,
26/10/2018,14:07:31,Interval,35.6,39.9,40.4,37.6,30.1,O/C,Under,O/C,
26/10/2018,14:08:01,Interval,35.5,40.1,40.3,37.4,30.4,O/C,Under,O/C,
26/10/2018,14:08:31,Interval,35.4,40.1,40.3,37.4,30.5,O/C,Under,O/C,
26/10/2018,14:09:01,Interval,35.4,40.2,40.3,37.4,30.6,O/C,Under,O/C,
26/10/2018,14:09:31,Interval,35.3,40.2,40.3,37.4,30.7,O/C,Under,O/C,
26/10/2018,14:10:01,Interval,35.3,40.1,40.3,37.4,30.8,O/C,Under,O/C,
26/10/2018,14:10:31,Interval,35.2,40.1,40.2,37.4,30.9,O/C,Under,O/C,
26/10/2018,14:11:01,Interval,35.2,40.1,40.1,37.3,30.9,O/C,Under,O/C,
26/10/2018,14:11:31,Interval,35.1,40.0,40.0,37.3,30.9,O/C,Under,O/C,
26/10/2018,14:12:01,Interval,35.1,39.9,40.0,37.2,30.9,O/C,Under,O/C,
26/10/2018,14:12:31,Interval,35.0,39.9,39.9,37.2,30.9,O/C,Under,O/C,
26/10/2018,14:13:01,Interval,35.0,39.8,39.8,37.2,30.9,O/C,Under,O/C,
26/10/2018,14:13:31,Interval,34.9,39.8,39.7,37.1,31.0,O/C,Under,O/C,
26/10/2018,14:14:01,Interval,34.9,39.7,39.7,37.1,31.0,O/C,Under,O/C,
26/10/2018,14:14:31,Interval,34.9,39.6,39.6,37.0,31.1,O/C,Under,O/C,
26/10/2018,14:15:01,Interval,35.3,39.5,39.5,37.0,31.1,O/C,Under,O/C,
26/10/2018,14:15:31,Interval,1053.8,39.7,39.5,36.9,31.1,O/C,Under,O/C,
26/10/2018,14:16:01,Interval,#N/A,39.6,39.3,36.9,31.1,O/C,Under,O/C,
26/10/2018,14:16:31,Interval,#N/A,39.5,39.3,36.8,31.1,O/C,Under,O/C,
26/10/2018,14:17:01,Interval,#N/A,39.4,39.2,36.7,31.1,O/C,Under,O/C,
26/10/2018,14:17:31,Interval,#N/A,39.4,39.1,36.7,31.1,O/C,Under,O/C,
26/10/2018,14:18:01,Interval,#N/A,39.3,39.1,36.8,31.1,O/C,Under,O/C,
26/10/2018,14:18:31,Interval,1134.2,39.3,39.0,36.7,31.2,O/C,Under,O/C,
26/10/2018,14:19:01,Interval,1153.7,39.2,39.0,36.7,31.2,O/C,Under,O/C,
26/10/2018,14:19:31,Interval,1110.2,39.2,39.0,36.7,31.2,O/C,Under,O/C,
26/10/2018,14:20:01,Interval,#N/A,39.3,39.0,36.7,31.3,O/C,Under,O/C,
26/10/2018,14:20:31,Interval,1097.9,39.2,38.9,36.7,31.3,O/C,Under,O/C,
26/10/2018,14:21:01,Interval,1081.8,39.1,38.9,36.7,31.3,O/C,Under,O/C,
26/10/2018,14:21:31,Interval,1049.4,39.0,38.8,36.7,31.5,O/C,Under,O/C,
26/10/2018,14:22:01,Interval,1055.1,39.0,38.8,36.7,31.5,O/C,Under,O/C,
26/10/2018,14:22:31,Interval,1035.0,38.9,38.7,36.7,31.5,O/C,Under,O/C,
26/10/2018,14:23:01,Interval,974.6,38.9,38.7,36.7,31.5,O/C,Under,O/C,
26/10/2018,14:23:31,Interval,981.6,38.9,38.7,36.7,31.5,O/C,Under,O/C,
26/10/2018,14:24:01,Interval,1027.6,39.0,38.6,36.7,31.6,O/C,Under,O/C,
26/10/2018,14:24:31,Interval,982.7,38.9,38.6,36.7,31.6,O/C,Under,O/C,
26/10/2018,14:25:01,Interval,968.9,38.8,38.5,36.7,31.6,O/C,Under,O/C,
26/10/2018,14:25:31,Interval,968.6,38.8,38.5,36.7,31.6,O/C,Under,O/C,
26/10/2018,14:26:01,Interval,1020.7,38.8,38.5,36.7,31.6,O/C,Under,O/C,
26/10/2018,14:26:31,Interval,928.1,38.8,38.4,36.6,31.7,O/C,Under,O/C,
26/10/2018,14:27:01,Interval,896.9,38.7,38.4,36.6,31.7,O/C,Under,O/C,
26/10/2018,14:27:31,Interval,958.6,38.6,38.4,36.6,31.7,O/C,Under,O/C,
26/10/2018,14:28:01,Interval,943.0,38.6,38.4,36.7,31.6,O/C,Under,O/C,
26/10/2018,14:28:31,Interval,825.4,38.6,38.3,36.6,31.7,O/C,Under,O/C,
26/10/2018,14:29:01,Interval,763.2,38.6,38.3,36.6,31.8,O/C,Under,O/C,
26/10/2018,14:29:31,Interval,453.5,38.6,38.3,36.6,31.7,O/C,Under,O/C,
26/10/2018,14:30:01,Interval,398.3,38.5,38.2,36.6,31.8,O/C,Under,O/C,
26/10/2018,14:30:31,Interval,351.0,38.5,38.2,36.6,31.8,O/C,Under,O/C,
26/10/2018,14:31:01,Interval,199.6,38.4,38.2,36.6,31.9,O/C,Under,O/C,
26/10/2018,14:31:31,Interval,180.3,38.4,38.2,36.6,31.9,O/C,Under,O/C,
26/10/2018,14:32:01,Interval,282.6,38.4,38.2,36.6,31.9,O/C,Under,O/C,
26/10/2018,14:32:31,Interval,232.3,38.4,38.2,36.7,31.9,O/C,Under,O/C,
26/10/2018,14:33:01,Interval,307.3,38.4,38.2,36.7,32.0,O/C,Under,O/C,
26/10/2018,14:33:31,Interval,584.1,38.4,38.1,36.7,32.0,O/C,Under,O/C,
26/10/2018,14:34:01,Interval,651.8,38.4,38.2,36.7,32.0,O/C,Under,O/C,
26/10/2018,14:34:31,Interval,399.6,38.4,38.1,36.7,32.1,O/C,Under,O/C,
26/10/2018,14:35:01,Interval,475.9,38.4,38.1,36.7,32.1,O/C,Under,O/C,
26/10/2018,14:35:31,Interval,687.0,38.3,38.1,36.6,32.1,O/C,Under,O/C,
26/10/2018,14:36:01,Interval,780.3,38.3,38.1,36.7,32.1,O/C,Under,O/C,
26/10/2018,14:36:31,Interval,761.2,38.3,38.1,36.7,32.0,O/C,Under,O/C,
26/10/2018,14:37:01,Interval,792.1,38.3,38.1,36.7,32.1,O/C,Under,O/C,
26/10/2018,14:37:31,Interval,776.5,38.3,38.1,36.8,32.1,O/C,Under,O/C,
26/10/2018,14:38:01,Interval,853.7,38.3,38.1,36.8,32.1,O/C,Under,O/C,
26/10/2018,14:38:31,Interval,820.3,38.2,38.0,36.8,32.1,O/C,Under,O/C,
26/10/2018,14:39:01,Interval,865.4,38.3,38.0,36.7,32.1,O/C,Under,O/C,
26/10/2018,14:39:31,Interval,883.2,38.2,38.0,36.7,32.2,O/C,Under,O/C,
26/10/2018,14:40:01,Interval,917.7,38.2,38.0,36.7,32.3,O/C,Under,O/C,
26/10/2018,14:40:31,Interval,888.1,38.2,38.0,36.7,32.2,O/C,Under,O/C,
26/10/2018,14:41:01,Interval,879.5,38.2,37.9,36.7,32.3,O/C,Under,O/C,
26/10/2018,14:41:31,Interval,883.3,38.1,37.9,36.7,32.3,O/C,Under,O/C,
26/10/2018,14:42:01,Interval,933.5,38.2,37.9,36.7,32.3,O/C,Under,O/C,
26/10/2018,14:42:31,Interval,897.9,38.1,37.9,36.7,32.3,O/C,Under,O/C,
26/10/2018,14:43:01,Interval,884.5,38.1,37.9,36.7,32.3,O/C,Under,O/C,
26/10/2018,14:43:31,Interval,875.4,38.1,37.9,36.7,32.3,O/C,Under,O/C,
26/10/2018,14:44:01,Interval,903.4,38.1,37.9,36.7,32.3,O/C,Under,O/C,
26/10/2018,14:44:31,Interval,856.0,38.1,37.9,36.7,32.3,O/C,Under,O/C,
26/10/2018,14:45:01,Interval,840.8,38.1,37.9,36.7,32.4,O/C,Under,O/C,
26/10/2018,14:45:31,Interval,901.4,38.1,37.9,36.7,32.3,O/C,Under,O/C,
26/10/2018,14:46:01,Interval,927.6,38.1,37.9,36.7,32.3,O/C,Under,O/C,
26/10/2018,14:46:31,Interval,883.7,38.1,37.9,36.7,32.2,O/C,Under,O/C,
26/10/2018,14:47:01,Interval,885.4,38.1,37.9,36.8,32.3,O/C,Under,O/C,
26/10/2018,14:47:31,Interval,859.5,38.1,37.9,36.8,32.4,O/C,Under,O/C,
26/10/2018,14:48:01,Interval,921.2,38.1,37.9,36.8,32.4,O/C,Under,O/C,
26/10/2018,14:48:31,Interval,873.9,38.1,37.9,36.8,32.4,O/C,Under,O/C,
26/10/2018,14:49:01,Interval,906.8,38.1,37.9,36.9,32.4,O/C,Under,O/C,
26/10/2018,14:49:31,Interval,902.4,38.1,38.0,37.0,32.5,O/C,Under,O/C,
26/10/2018,14:50:01,Interval,936.3,38.2,38.0,37.1,32.5,O/C,Under,O/C,
26/10/2018,14:50:31,Interval,924.9,38.2,38.0,37.0,32.5,O/C,Under,O/C,
26/10/2018,14:51:01,Interval,930.5,38.1,37.9,37.0,32.6,O/C,Under,O/C,
26/10/2018,14:51:31,Interval,937.9,38.1,37.9,37.0,32.6,O/C,Under,O/C,
26/10/2018,14:52:01,Interval,974.1,38.1,37.9,36.9,32.5,O/C,Under,O/C,
26/10/2018,14:52:31,Interval,931.6,38.0,37.8,36.8,32.5,O/C,Under,O/C,
26/10/2018,14:53:01,Interval,916.2,38.0,37.8,36.8,32.4,O/C,Under,O/C,
26/10/2018,14:53:31,Interval,930.8,38.0,37.7,36.8,32.5,O/C,Under,O/C,
26/10/2018,14:54:01,Interval,990.9,37.9,37.7,36.7,32.4,O/C,Under,O/C,
26/10/2018,14:54:31,Interval,931.6,37.9,37.7,36.7,32.5,O/C,Under,O/C,
26/10/2018,14:55:01,Interval,950.6,37.9,37.7,36.7,32.4,O/C,Under,O/C,
26/10/2018,14:55:31,Interval,943.5,38.0,37.8,36.8,32.5,O/C,Under,O/C,
26/10/2018,14:56:01,Interval,996.2,38.0,37.8,36.8,32.5,O/C,Under,O/C,
26/10/2018,14:56:31,Interval,938.9,37.9,37.8,36.9,32.6,O/C,Under,O/C,
26/10/2018,14:57:01,Interval,940.2,37.9,37.7,36.8,32.6,O/C,Under,O/C,
26/10/2018,14:57:31,Interval,936.0,38.0,37.8,36.8,32.6,O/C,Under,O/C,
26/10/2018,14:58:01,Interval,943.7,38.0,37.7,36.8,32.6,O/C,Under,O/C,
26/10/2018,14:58:31,Interval,900.5,37.9,37.7,36.8,32.6,O/C,Under,O/C,
26/10/2018,14:59:01,Interval,906.1,37.9,37.7,36.8,32.6,O/C,Under,O/C,
26/10/2018,14:59:31,Interval,903.0,37.9,37.7,36.8,32.6,O/C,Under,O/C,
26/10/2018,15:00:01,Interval,955.9,37.9,37.7,36.8,32.6,O/C,Under,O/C,
26/10/2018,15:00:31,Interval,906.5,37.9,37.7,36.7,32.6,O/C,Under,O/C,
26/10/2018,15:01:01,Interval,926.2,37.9,37.7,36.8,32.5,O/C,Under,O/C,
26/10/2018,15:01:31,Interval,921.3,37.8,37.7,36.8,32.5,O/C,Under,O/C,
26/10/2018,15:02:01,Interval,997.2,37.8,37.7,36.8,32.6,O/C,Under,O/C,
26/10/2018,15:02:31,Interval,940.8,37.8,37.6,36.8,32.4,O/C,Under,O/C,
26/10/2018,15:03:01,Interval,935.5,37.7,37.6,36.8,32.5,O/C,Under,O/C,
26/10/2018,15:03:31,Interval,918.6,37.8,37.6,36.8,32.4,O/C,Under,O/C,
26/10/2018,15:04:01,Interval,972.3,37.8,37.7,36.8,32.5,O/C,Under,O/C,
26/10/2018,15:04:31,Interval,902.6,37.8,37.7,36.8,32.6,O/C,Under,O/C,
26/10/2018,15:05:01,Interval,914.2,37.8,37.7,36.8,32.6,O/C,Under,O/C,
26/10/2018,15:05:31,Interval,913.9,37.8,37.7,36.9,32.6,O/C,Under,O/C,
26/10/2018,15:06:01,Interval,957.0,37.8,37.6,36.9,32.6,O/C,Under,O/C,
26/10/2018,15:06:31,Interval,899.8,38.0,37.8,36.9,32.6,O/C,Under,O/C,
26/10/2018,15:07:01,Interval,909.8,39.0,38.2,37.4,32.6,O/C,Under,O/C,
26/10/2018,15:07:31,Interval,885.7,40.2,39.4,38.1,32.6,O/C,Under,O/C,
26/10/2018,15:08:01,Interval,933.8,41.2,40.6,38.8,32.7,O/C,Under,O/C,
26/10/2018,15:08:31,Interval,865.2,41.8,41.5,39.2,32.7,O/C,Under,O/C,
26/10/2018,15:09:01,Interval,823.1,42.3,42.1,39.6,32.7,O/C,Under,O/C,
26/10/2018,15:09:31,Interval,750.4,42.6,42.5,39.8,32.6,O/C,Under,O/C,
26/10/2018,15:10:01,Interval,670.7,42.8,42.9,40.0,32.4,O/C,Under,O/C,
26/10/2018,15:10:31,Interval,536.9,43.1,43.2,40.1,32.4,O/C,Under,O/C,
26/10/2018,15:11:01,Interval,561.4,43.3,43.5,40.3,32.4,O/C,Under,O/C,
26/10/2018,15:11:31,Interval,469.0,43.6,43.8,40.5,32.3,O/C,Under,O/C,
26/10/2018,15:12:01,Interval,396.2,43.8,44.1,40.6,32.3,O/C,Under,O/C,
26/10/2018,15:12:31,Interval,173.8,44.0,44.4,40.8,32.3,O/C,Under,O/C,
26/10/2018,15:13:01,Interval,50.6,44.1,44.7,40.9,32.1,O/C,Under,O/C,
26/10/2018,15:13:31,Interval,40.4,44.2,44.9,41.1,32.1,O/C,Under,O/C,
26/10/2018,15:14:01,Interval,39.7,44.2,45.2,41.2,32.1,O/C,Under,O/C,
26/10/2018,15:14:31,Interval,39.2,44.4,45.4,41.3,32.1,O/C,Under,O/C,
26/10/2018,15:15:01,Interval,39.1,44.6,45.6,41.4,32.0,O/C,Under,O/C,
26/10/2018,15:15:31,Interval,39.1,44.7,45.9,41.5,32.0,O/C,Under,O/C,
26/10/2018,15:16:01,Interval,39.4,44.9,46.1,41.6,31.9,O/C,Under,O/C,
26/10/2018,15:16:31,Interval,39.1,44.9,46.3,41.7,31.9,O/C,Under,O/C,
26/10/2018,15:17:01,Interval,39.0,45.1,46.5,41.9,31.9,O/C,Under,O/C,
26/10/2018,15:17:31,Interval,39.1,45.2,46.7,41.9,31.8,O/C,Under,O/C,
26/10/2018,15:18:01,Interval,39.4,45.3,46.8,42.0,31.7,O/C,Under,O/C,
26/10/2018,15:18:31,Interval,39.1,45.4,47.0,42.1,31.6,O/C,Under,O/C,
26/10/2018,15:19:01,Interval,39.0,45.5,47.2,42.2,31.5,O/C,Under,O/C,
26/10/2018,15:19:31,Interval,39.0,45.6,47.3,42.2,31.5,O/C,Under,O/C,
26/10/2018,15:20:01,Interval,39.4,45.7,47.4,42.3,31.4,O/C,Under,O/C,
26/10/2018,15:20:31,Interval,39.3,45.8,47.6,42.3,31.4,O/C,Under,O/C,
26/10/2018,15:21:01,Interval,39.3,45.9,47.7,42.4,31.4,O/C,Under,O/C,
26/10/2018,15:21:31,Interval,39.2,46.0,47.8,42.4,31.4,O/C,Under,O/C,
26/10/2018,15:22:01,Interval,39.7,46.0,48.0,42.5,31.3,O/C,Under,O/C,
26/10/2018,15:22:31,Interval,39.5,46.1,48.1,42.6,31.4,O/C,Under,O/C,
26/10/2018,15:23:01,Interval,39.0,46.2,48.3,42.6,31.2,O/C,Under,O/C,
26/10/2018,15:23:31,Interval,39.1,46.2,48.4,42.7,31.2,O/C,Under,O/C,
26/10/2018,15:24:01,Interval,39.4,46.3,48.5,42.7,31.2,O/C,Under,O/C,
26/10/2018,15:24:31,Interval,39.1,46.4,48.6,42.8,31.2,O/C,Under,O/C,
26/10/2018,15:25:01,Interval,39.1,46.5,48.7,42.9,31.1,O/C,Under,O/C,
26/10/2018,15:25:31,Interval,39.1,46.6,48.9,42.9,31.1,O/C,Under,O/C,
26/10/2018,15:26:01,Interval,39.3,46.6,48.9,42.9,31.0,O/C,Under,O/C,
26/10/2018,15:26:31,Interval,38.9,46.6,49.0,43.0,31.0,O/C,Under,O/C,
26/10/2018,15:27:01,Interval,39.0,46.7,49.1,43.0,30.9,O/C,Under,O/C,
26/10/2018,15:27:31,Interval,38.9,46.7,49.2,43.0,30.9,O/C,Under,O/C,
26/10/2018,15:28:01,Interval,39.3,46.9,49.3,43.2,30.8,O/C,Under,O/C,
26/10/2018,15:28:31,Interval,38.9,47.0,49.4,43.2,30.8,O/C,Under,O/C,
26/10/2018,15:29:01,Interval,39.0,47.0,49.5,43.2,30.8,O/C,Under,O/C,
26/10/2018,15:29:31,Interval,39.0,47.1,49.7,43.3,30.7,O/C,Under,O/C,
26/10/2018,15:30:01,Interval,39.4,47.2,49.8,43.4,30.8,O/C,Under,O/C,
26/10/2018,15:30:31,Interval,39.0,47.2,49.9,43.4,30.9,O/C,Under,O/C,
26/10/2018,15:31:01,Interval,39.0,47.3,49.9,43.4,30.8,O/C,Under,O/C,
26/10/2018,15:31:31,Interval,39.0,47.4,50.0,43.5,30.8,O/C,Under,O/C,
26/10/2018,15:32:01,Interval,39.4,47.4,50.1,43.5,30.7,O/C,Under,O/C,
26/10/2018,15:32:31,Interval,39.0,47.5,50.2,43.5,30.7,O/C,Under,O/C,
26/10/2018,15:33:01,Interval,39.0,47.6,50.3,43.6,30.7,O/C,Under,O/C,
26/10/2018,15:33:31,Interval,39.0,47.6,50.4,43.7,30.6,O/C,Under,O/C,
26/10/2018,15:34:01,Interval,39.5,47.7,50.4,43.7,30.6,O/C,Under,O/C,
26/10/2018,15:34:31,Interval,39.1,47.7,50.5,43.7,30.6,O/C,Under,O/C,
26/10/2018,15:35:01,Interval,39.1,47.8,50.6,43.7,30.5,O/C,Under,O/C,
26/10/2018,15:35:31,Interval,39.1,47.8,50.6,43.8,30.5,O/C,Under,O/C,
26/10/2018,15:36:01,Interval,39.4,47.9,50.7,43.8,30.4,O/C,Under,O/C,
26/10/2018,15:36:31,Interval,39.0,47.9,50.7,43.7,30.3,O/C,Under,O/C,
26/10/2018,15:37:01,Interval,39.0,47.9,50.8,43.7,30.3,O/C,Under,O/C,
26/10/2018,15:37:31,Interval,38.9,47.9,50.8,43.7,30.3,O/C,Under,O/C,
26/10/2018,15:38:01,Interval,39.4,48.1,50.8,43.8,30.3,O/C,Under,O/C,
26/10/2018,15:38:31,Interval,39.0,48.1,51.0,43.8,30.3,O/C,Under,O/C,
26/10/2018,15:39:01,Interval,39.0,48.1,51.0,43.8,30.3,O/C,Under,O/C,
26/10/2018,15:39:31,Interval,39.1,48.1,51.0,43.8,30.3,O/C,Under,O/C,
26/10/2018,15:40:01,Interval,39.5,48.2,51.1,43.9,30.3,O/C,Under,O/C,
26/10/2018,15:40:31,Interval,39.2,48.2,51.2,43.9,30.3,O/C,Under,O/C,
26/10/2018,15:41:01,Interval,39.2,48.2,51.2,44.0,30.3,O/C,Under,O/C,
26/10/2018,15:41:31,Interval,39.2,48.3,51.3,44.0,30.2,O/C,Under,O/C,
26/10/2018,15:42:01,Interval,39.4,48.4,51.3,44.0,30.3,O/C,Under,O/C,
26/10/2018,15:42:31,Interval,39.1,48.4,51.4,44.0,30.3,O/C,Under,O/C,
26/10/2018,15:43:01,Interval,39.1,48.4,51.4,44.0,30.2,O/C,Under,O/C,
26/10/2018,15:43:31,Interval,39.1,48.4,51.4,43.9,30.2,O/C,Under,O/C,
26/10/2018,15:44:01,Interval,39.4,48.4,51.4,43.9,30.1,O/C,Under,O/C,
26/10/2018,15:44:31,Interval,39.0,48.4,51.4,43.9,30.1,O/C,Under,O/C,
26/10/2018,15:45:01,Interval,39.0,48.4,51.5,43.9,30.1,O/C,Under,O/C,
26/10/2018,15:45:31,Interval,39.0,48.5,51.5,44.0,30.0,O/C,Under,O/C,
26/10/2018,15:46:01,Interval,39.3,48.6,51.5,44.0,30.0,O/C,Under,O/C,
26/10/2018,15:46:31,Interval,38.9,48.5,51.6,44.0,30.1,O/C,Under,O/C,
26/10/2018,15:47:01,Interval,39.0,48.5,51.6,44.0,30.0,O/C,Under,O/C,
26/10/2018,15:47:31,Interval,38.9,48.6,51.7,44.0,30.0,O/C,Under,O/C,
26/10/2018,15:48:01,Interval,39.2,48.7,51.7,44.1,30.1,O/C,Under,O/C,
26/10/2018,15:48:31,Interval,39.0,48.7,51.8,44.1,30.0,O/C,Under,O/C,
26/10/2018,15:49:01,Interval,39.1,48.8,51.8,44.1,30.0,O/C,Under,O/C,
26/10/2018,15:49:31,Interval,39.1,48.8,51.9,44.1,30.0,O/C,Under,O/C,
26/10/2018,15:50:01,Interval,39.3,48.8,51.9,44.1,30.0,O/C,Under,O/C,
26/10/2018,15:50:31,Interval,39.1,48.7,51.8,44.0,30.0,O/C,Under,O/C,
26/10/2018,15:51:01,Interval,39.9,48.7,51.8,44.0,30.0,O/C,Under,O/C,
26/10/2018,15:51:31,Interval,69.0,48.8,51.8,44.0,29.9,O/C,Under,O/C,
26/10/2018,15:52:01,Interval,77.6,48.9,51.8,44.0,29.9,O/C,Under,O/C,
26/10/2018,15:52:31,Interval,61.0,49.0,51.8,44.1,29.9,O/C,Under,O/C,
26/10/2018,15:53:01,Interval,62.8,49.0,51.9,44.1,29.9,O/C,Under,O/C,
26/10/2018,15:53:31,Interval,62.7,48.7,52.0,44.0,29.8,O/C,Under,O/C,
26/10/2018,15:54:01,Interval,67.6,47.9,51.7,43.4,29.3,O/C,Under,O/C,
26/10/2018,15:54:31,Interval,71.0,47.2,51.5,43.0,29.0,O/C,Under,O/C,
26/10/2018,15:55:01,Interval,69.7,47.0,51.2,42.7,28.9,O/C,Under,O/C,
26/10/2018,15:55:31,Interval,64.3,47.1,51.1,42.5,28.9,O/C,Under,O/C,
26/10/2018,15:56:01,Interval,68.0,47.0,51.1,42.3,28.8,O/C,Under,O/C,
26/10/2018,15:56:31,Interval,75.2,47.0,51.0,42.3,28.8,O/C,Under,O/C,
26/10/2018,15:57:01,Interval,74.6,47.0,51.1,42.2,28.8,O/C,Under,O/C,
26/10/2018,15:57:31,Interval,73.8,47.0,51.1,42.1,28.7,O/C,Under,O/C,
26/10/2018,15:58:01,Interval,45.9,47.0,51.1,42.0,28.8,O/C,Under,O/C,
26/10/2018,15:58:31,Interval,39.7,46.9,51.1,42.0,28.8,O/C,Under,O/C,
26/10/2018,15:59:01,Interval,79.7,47.0,51.2,42.0,28.8,O/C,Under,O/C,
26/10/2018,15:59:31,Interval,121.9,47.1,51.2,41.9,28.8,O/C,Under,O/C,
26/10/2018,16:00:01,Interval,40.6,47.0,51.3,41.9,28.7,O/C,Under,O/C,
26/10/2018,16:00:31,Interval,40.4,47.2,51.3,41.8,28.8,O/C,Under,O/C,
26/10/2018,16:01:01,Interval,939.3,47.2,51.4,41.8,28.8,O/C,Under,O/C,
26/10/2018,16:01:31,Interval,833.8,47.4,51.4,41.8,28.7,O/C,Under,O/C,
26/10/2018,16:02:01,Interval,862.9,47.6,51.4,41.7,28.7,O/C,Under,O/C,
26/10/2018,16:02:31,Interval,757.3,47.5,51.5,41.7,28.7,O/C,Under,O/C,
26/10/2018,16:03:01,Interval,916.8,47.4,51.5,41.6,28.7,O/C,Under,O/C,
26/10/2018,16:03:31,Interval,1040.9,47.6,51.5,41.6,28.6,O/C,Under,O/C,
26/10/2018,16:04:01,Interval,36.4,47.4,51.5,41.6,28.6,O/C,Under,O/C,
26/10/2018,16:04:31,Interval,36.3,47.4,51.5,41.5,28.6,O/C,Under,O/C,
26/10/2018,16:05:01,Interval,36.3,47.3,51.5,41.4,28.6,O/C,Under,O/C,
26/10/2018,16:05:31,Interval,36.3,47.3,51.4,41.4,28.5,O/C,Under,O/C,
26/10/2018,16:06:01,Interval,36.4,47.2,51.4,41.4,28.5,O/C,Under,O/C,
26/10/2018,16:06:31,Interval,36.3,47.3,51.4,41.3,28.5,O/C,Under,O/C,
26/10/2018,16:07:01,Interval,36.3,47.2,51.4,41.3,28.5,O/C,Under,O/C,
26/10/2018,16:07:31,Interval,36.4,47.3,51.4,41.2,28.4,O/C,Under,O/C,
26/10/2018,16:08:01,Interval,36.4,47.3,51.4,41.2,28.4,O/C,Under,O/C,
26/10/2018,16:08:31,Interval,36.4,47.3,51.4,41.1,28.3,O/C,Under,O/C,
26/10/2018,16:09:01,Interval,36.4,47.4,51.4,41.1,28.3,O/C,Under,O/C,
26/10/2018,16:09:31,Interval,36.5,47.5,51.5,41.1,28.3,O/C,Under,O/C,
26/10/2018,16:10:01,Interval,36.5,47.5,51.5,41.1,28.3,O/C,Under,O/C,
26/10/2018,16:10:31,Interval,36.5,47.5,51.5,41.1,28.3,O/C,Under,O/C,
26/10/2018,16:11:01,Interval,36.6,47.5,51.5,41.0,28.2,O/C,Under,O/C,
26/10/2018,16:11:31,Interval,36.6,47.5,51.5,41.1,28.3,O/C,Under,O/C,
26/10/2018,16:12:01,Interval,36.6,47.5,51.5,41.1,28.3,O/C,Under,O/C,
26/10/2018,16:12:31,Interval,36.6,47.6,51.5,41.0,28.3,O/C,Under,O/C,
26/10/2018,16:13:01,Interval,36.6,47.6,51.6,41.0,28.1,O/C,Under,O/C,
26/10/2018,16:13:31,Interval,36.7,47.5,51.6,41.0,28.1,O/C,Under,O/C,
26/10/2018,16:14:01,Interval,36.7,47.7,51.6,41.0,28.2,O/C,Under,O/C,
26/10/2018,16:14:31,Interval,36.7,47.6,51.6,40.9,28.2,O/C,Under,O/C,
26/10/2018,16:15:01,Interval,36.7,47.7,51.6,40.9,28.2,O/C,Under,O/C,
26/10/2018,16:15:31,Interval,36.7,47.7,51.7,40.8,28.2,O/C,Under,O/C,
26/10/2018,16:16:01,Interval,36.7,47.7,51.7,40.8,28.2,O/C,Under,O/C,
26/10/2018,16:16:31,Interval,36.8,47.7,51.6,40.8,28.2,O/C,Under,O/C,
26/10/2018,16:17:01,Interval,36.7,47.8,51.5,40.7,28.1,O/C,Under,O/C,
26/10/2018,16:17:31,Interval,36.7,47.7,51.6,40.7,28.2,O/C,Under,O/C,
26/10/2018,16:18:01,Interval,36.7,47.7,51.6,40.7,28.0,O/C,Under,O/C,
26/10/2018,16:18:31,Interval,36.7,47.7,51.6,40.6,28.0,O/C,Under,O/C,
26/10/2018,16:19:01,Interval,36.7,47.7,51.6,40.6,28.0,O/C,Under,O/C,
26/10/2018,16:19:31,Interval,36.8,47.7,51.6,40.6,27.9,O/C,Under,O/C,
26/10/2018,16:20:01,Interval,36.8,47.8,51.6,40.7,28.0,O/C,Under,O/C,
26/10/2018,16:20:31,Interval,36.8,47.7,51.5,40.7,28.0,O/C,Under,O/C,
26/10/2018,16:21:01,Interval,36.8,47.7,51.6,40.7,28.0,O/C,Under,O/C,
26/10/2018,16:21:31,Interval,36.8,47.7,51.6,40.6,27.9,O/C,Under,O/C,
26/10/2018,16:22:01,Interval,36.8,47.8,51.6,40.6,28.0,O/C,Under,O/C,
26/10/2018,16:22:31,Interval,36.9,47.9,51.6,40.6,28.0,O/C,Under,O/C,
26/10/2018,16:23:01,Interval,36.8,47.9,51.7,40.7,28.0,O/C,Under,O/C,
26/10/2018,16:23:31,Interval,36.9,47.8,51.7,40.7,28.0,O/C,Under,O/C,
26/10/2018,16:24:01,Interval,36.9,47.7,51.6,40.7,28.0,O/C,Under,O/C,
26/10/2018,16:24:31,Interval,36.9,47.9,51.6,40.6,27.9,O/C,Under,O/C,
26/10/2018,16:25:01,Interval,36.9,47.9,51.6,40.6,27.9,O/C,Under,O/C,
26/10/2018,16:25:31,Interval,36.9,47.7,51.6,40.6,27.9,O/C,Under,O/C,
26/10/2018,16:26:01,Interval,36.9,48.0,51.6,40.5,27.8,O/C,Under,O/C,
26/10/2018,16:26:31,Interval,36.9,47.8,51.6,40.5,28.0,O/C,Under,O/C,
26/10/2018,16:27:01,Interval,36.9,47.8,51.6,40.5,27.9,O/C,Under,O/C,
26/10/2018,16:27:31,Interval,36.9,47.6,51.6,40.4,27.8,O/C,Under,O/C,
26/10/2018,16:28:01,Interval,36.9,47.7,51.6,40.4,27.8,O/C,Under,O/C,
26/10/2018,16:28:31,Interval,36.9,47.7,51.6,40.4,27.8,O/C,Under,O/C,
26/10/2018,16:29:01,Interval,36.9,47.8,51.6,40.5,27.9,O/C,Under,O/C,
26/10/2018,16:29:31,Interval,36.9,47.8,51.6,40.4,27.9,O/C,Under,O/C,
26/10/2018,16:30:01,Interval,37.0,47.9,51.6,40.4,27.9,O/C,Under,O/C,
26/10/2018,16:30:31,Interval,36.9,47.7,51.5,40.4,27.9,O/C,Under,O/C,
26/10/2018,16:31:01,Interval,37.0,47.8,51.6,40.5,27.9,O/C,Under,O/C,
26/10/2018,16:31:31,Interval,37.0,47.8,51.6,40.4,28.0,O/C,Under,O/C,
26/10/2018,16:32:01,Interval,37.0,47.9,51.6,40.5,27.9,O/C,Under,O/C,
26/10/2018,16:32:31,Interval,37.0,47.9,51.6,40.4,27.9,O/C,Under,O/C,
26/10/2018,16:33:01,Interval,37.0,48.0,51.6,40.4,27.9,O/C,Under,O/C,
26/10/2018,16:33:31,Interval,37.0,47.8,51.6,40.5,27.9,O/C,Under,O/C,
26/10/2018,16:34:01,Interval,37.0,48.0,51.6,40.5,27.8,O/C,Under,O/C,
26/10/2018,16:34:31,Interval,37.0,47.9,51.6,40.3,27.8,O/C,Under,O/C,
26/10/2018,16:35:01,Interval,37.0,47.9,51.6,40.4,27.8,O/C,Under,O/C,
26/10/2018,16:35:31,Interval,36.9,47.8,51.6,40.4,27.8,O/C,Under,O/C,
26/10/2018,16:36:01,Interval,37.0,48.0,51.6,40.4,27.7,O/C,Under,O/C,
26/10/2018,16:36:31,Interval,36.9,48.0,51.5,40.3,27.7,O/C,Under,O/C,
26/10/2018,16:37:01,Interval,37.0,48.0,51.4,40.3,27.7,O/C,Under,O/C,
26/10/2018,16:37:31,Interval,37.0,47.2,51.3,40.1,27.5,O/C,Under,O/C,
26/10/2018,16:38:01,Interval,34.0,41.8,45.1,35.7,26.2,O/C,Under,O/C,
26/10/2018,16:38:31,Interval,31.3,37.7,39.5,33.1,24.2,O/C,Under,O/C,
26/10/2018,16:39:01,Interval,30.9,36.7,38.2,32.5,23.9,O/C,Under,O/C,
26/10/2018,16:39:31,Interval,30.5,35.9,37.6,32.2,23.9,O/C,Under,O/C,
26/10/2018,16:40:01,Interval,30.0,35.7,36.9,32.1,23.9,O/C,Under,O/C,
26/10/2018,16:40:31,Interval,29.7,35.1,36.2,31.7,24.0,O/C,Under,O/C,
26/10/2018,16:41:01,Interval,29.6,34.6,36.0,31.5,24.0,O/C,Under,O/C,
26/10/2018,16:41:31,Interval,29.3,34.3,35.7,31.4,24.2,O/C,Under,O/C,
26/10/2018,16:42:01,Interval,29.1,34.2,34.9,31.6,24.3,O/C,Under,O/C,
26/10/2018,16:42:31,Interval,29.2,33.3,34.8,31.4,24.5,O/C,Under,O/C,
26/10/2018,16:43:01,Interval,29.1,33.2,34.6,31.3,24.7,O/C,Under,O/C,
26/10/2018,16:43:31,Interval,28.9,32.9,34.2,31.1,24.6,O/C,Under,O/C,
26/10/2018,16:44:01,Interval,28.6,32.8,33.7,31.1,24.9,O/C,Under,O/C,
26/10/2018,16:44:31,Interval,30.2,34.5,33.5,32.3,26.5,O/C,Under,O/C,
26/10/2018,16:45:01,Interval,32.1,37.7,37.5,34.8,28.6,O/C,Under,O/C,
26/10/2018,16:45:31,Interval,32.4,38.9,39.1,36.1,29.7,O/C,Under,O/C,
26/10/2018,16:46:01,Interval,32.9,39.6,39.7,36.7,30.3,O/C,Under,O/C,
26/10/2018,16:46:31,Interval,33.2,40.3,40.1,37.1,30.6,O/C,Under,O/C,
26/10/2018,16:47:01,Interval,33.4,40.6,40.3,37.2,31.0,O/C,Under,O/C,
26/10/2018,16:47:31,Interval,33.5,40.8,40.5,37.4,31.3,O/C,Under,O/C,
26/10/2018,16:48:01,Interval,33.5,41.0,40.6,37.5,31.4,O/C,Under,O/C,
26/10/2018,16:48:31,Interval,33.7,41.2,40.7,37.6,31.6,O/C,Under,O/C,
26/10/2018,16:49:01,Interval,33.6,41.3,40.8,37.6,31.6,O/C,Under,O/C,
26/10/2018,16:49:31,Interval,33.6,41.4,40.8,37.7,31.8,O/C,Under,O/C,
26/10/2018,16:50:01,Interval,33.7,41.5,40.9,37.8,31.9,O/C,Under,O/C,
26/10/2018,16:50:31,Interval,33.7,41.6,40.9,37.8,31.9,O/C,Under,O/C,
26/10/2018,16:51:01,Interval,33.6,41.7,41.0,37.9,31.9,O/C,Under,O/C,
26/10/2018,16:51:31,Interval,33.5,41.7,41.0,37.8,32.0,O/C,Under,O/C,
26/10/2018,16:52:01,Interval,33.7,41.8,41.1,37.9,32.1,O/C,Under,O/C,
26/10/2018,16:52:31,Interval,33.7,41.9,41.1,38.0,32.0,O/C,Under,O/C,
26/10/2018,16:53:01,Interval,33.6,41.9,41.1,38.0,32.1,O/C,Under,O/C,
26/10/2018,16:53:31,Interval,33.7,42.0,41.2,38.1,32.2,O/C,Under,O/C,
26/10/2018,16:54:01,Interval,33.6,42.1,41.2,38.1,32.2,O/C,Under,O/C,
26/10/2018,16:54:31,Interval,33.6,42.2,41.3,38.2,32.3,O/C,Under,O/C,
26/10/2018,16:55:01,Interval,33.6,42.2,41.3,38.2,32.2,O/C,Under,O/C,
26/10/2018,16:55:31,Interval,33.6,42.2,41.3,38.2,32.2,O/C,Under,O/C,
26/10/2018,16:56:01,Interval,33.4,42.2,41.3,38.2,32.4,O/C,Under,O/C,
26/10/2018,16:56:31,Interval,33.5,42.3,41.4,38.3,32.3,O/C,Under,O/C,
26/10/2018,16:57:01,Interval,33.5,42.4,41.4,38.3,32.3,O/C,Under,O/C,
26/10/2018,16:57:31,Interval,33.5,42.4,41.4,38.3,32.2,O/C,Under,O/C,
26/10/2018,16:58:01,Interval,33.6,42.4,41.5,38.3,32.3,O/C,Under,O/C,
26/10/2018,16:58:31,Interval,33.6,42.4,41.5,38.4,32.2,O/C,Under,O/C,
26/10/2018,16:59:01,Interval,33.5,42.5,41.6,38.4,32.2,O/C,Under,O/C,
26/10/2018,16:59:31,Interval,33.5,42.5,41.6,38.4,32.2,O/C,Under,O/C,
26/10/2018,17:00:01,Interval,33.6,42.6,41.6,38.5,32.2,O/C,Under,O/C,
26/10/2018,17:00:31,Interval,33.5,42.7,41.8,38.6,32.2,O/C,Under,O/C,
26/10/2018,17:01:01,Interval,33.7,42.7,41.8,38.6,32.1,O/C,Under,O/C,
26/10/2018,17:01:31,Interval,33.7,42.7,41.9,38.6,32.1,O/C,Under,O/C,
26/10/2018,17:02:01,Interval,33.7,42.8,41.9,38.7,32.2,O/C,Under,O/C,
26/10/2018,17:02:31,Interval,33.7,42.9,42.0,38.7,32.2,O/C,Under,O/C,
26/10/2018,17:03:01,Interval,33.6,42.9,42.0,38.7,32.1,O/C,Under,O/C,
26/10/2018,17:03:31,Interval,33.7,42.9,42.1,38.7,32.1,O/C,Under,O/C,
26/10/2018,17:04:01,Interval,33.7,43.0,42.1,38.7,32.2,O/C,Under,O/C,
26/10/2018,17:04:31,Interval,33.6,43.0,42.1,38.7,32.3,O/C,Under,O/C,
26/10/2018,17:05:01,Interval,33.7,43.0,42.2,38.8,32.3,O/C,Under,O/C,
26/10/2018,17:05:31,Interval,33.6,43.1,42.3,38.8,32.2,O/C,Under,O/C,
26/10/2018,17:06:01,Interval,33.6,43.1,42.2,38.8,32.2,O/C,Under,O/C,
26/10/2018,17:06:31,Interval,33.7,43.1,42.3,38.8,32.1,O/C,Under,O/C,
26/10/2018,17:07:01,Interval,33.7,43.1,42.3,38.9,32.1,O/C,Under,O/C,
26/10/2018,17:07:31,Interval,33.6,43.2,42.3,38.8,32.1,O/C,Under,O/C,
26/10/2018,17:08:01,Interval,33.7,43.1,42.3,38.9,32.1,O/C,Under,O/C,
26/10/2018,17:08:31,Interval,33.8,43.2,42.4,39.0,32.1,O/C,Under,O/C,
26/10/2018,17:09:01,Interval,33.7,43.2,42.4,38.9,32.1,O/C,Under,O/C,
26/10/2018,17:09:31,Interval,33.7,43.2,42.4,38.9,32.1,O/C,Under,O/C,
26/10/2018,17:10:01,Interval,33.6,43.3,42.5,38.9,32.0,O/C,Under,O/C,
26/10/2018,17:10:31,Interval,33.9,43.3,42.5,39.0,32.0,O/C,Under,O/C,
26/10/2018,17:11:01,Interval,33.9,43.3,42.5,39.0,32.0,O/C,Under,O/C,
26/10/2018,17:11:31,Interval,33.8,43.3,42.6,39.0,32.0,O/C,Under,O/C,
26/10/2018,17:12:01,Interval,33.7,43.4,42.6,39.0,32.1,O/C,Under,O/C,
26/10/2018,17:12:31,Interval,33.8,43.4,42.7,39.0,32.0,O/C,Under,O/C,
26/10/2018,17:13:01,Interval,33.7,43.5,42.7,39.1,32.1,O/C,Under,O/C,
26/10/2018,17:13:31,Interval,33.8,43.5,42.8,39.1,32.1,O/C,Under,O/C,
26/10/2018,17:14:01,Interval,33.9,43.5,42.8,39.1,32.1,O/C,Under,O/C,
26/10/2018,17:14:31,Interval,33.9,43.6,42.8,39.2,32.1,O/C,Under,O/C,
26/10/2018,17:15:01,Interval,33.9,43.6,42.8,39.2,32.1,O/C,Under,O/C,
26/10/2018,17:15:31,Interval,33.9,43.6,42.8,39.2,32.1,O/C,Under,O/C,
26/10/2018,17:16:01,Interval,33.9,43.6,42.9,39.2,32.0,O/C,Under,O/C,
26/10/2018,17:16:31,Interval,33.8,43.7,42.9,39.1,32.0,O/C,Under,O/C,
26/10/2018,17:17:01,Interval,33.8,43.6,42.9,39.1,32.0,O/C,Under,O/C,
26/10/2018,17:17:31,Interval,33.7,43.7,42.9,39.1,32.1,O/C,Under,O/C,
26/10/2018,17:18:01,Interval,33.8,43.7,42.9,39.1,32.0,O/C,Under,O/C,
26/10/2018,17:18:31,Interval,33.8,43.7,43.0,39.2,32.0,O/C,Under,O/C,
26/10/2018,17:19:01,Interval,33.8,43.7,43.0,39.1,32.0,O/C,Under,O/C,
26/10/2018,17:19:31,Interval,33.7,43.7,43.0,39.2,31.9,O/C,Under,O/C,
26/10/2018,17:20:01,Interval,33.7,43.8,43.0,39.2,31.9,O/C,Under,O/C,
26/10/2018,17:20:31,Interval,33.8,43.8,43.0,39.2,32.0,O/C,Under,O/C,
26/10/2018,17:21:01,Interval,33.7,43.8,43.1,39.2,31.9,O/C,Under,O/C,
26/10/2018,17:21:31,Interval,33.8,43.8,43.1,39.2,31.9,O/C,Under,O/C,
26/10/2018,17:22:01,Interval,33.7,43.8,43.1,39.2,32.0,O/C,Under,O/C,
26/10/2018,17:22:31,Interval,33.7,43.8,43.1,39.2,32.0,O/C,Under,O/C,
26/10/2018,17:23:01,Interval,33.8,43.8,43.1,39.2,32.0,O/C,Under,O/C,
26/10/2018,17:23:31,Interval,33.8,43.8,43.1,39.2,31.9,O/C,Under,O/C,
26/10/2018,17:24:01,Interval,33.7,43.8,43.1,39.2,32.0,O/C,Under,O/C,
26/10/2018,17:24:31,Interval,33.7,43.9,43.2,39.2,32.0,O/C,Under,O/C,
26/10/2018,17:25:01,Interval,33.7,43.9,43.2,39.2,31.9,O/C,Under,O/C,
26/10/2018,17:25:31,Interval,33.7,43.9,43.2,39.2,31.9,O/C,Under,O/C,
26/10/2018,17:26:01,Interval,33.9,43.9,43.2,39.2,31.9,O/C,Under,O/C,
26/10/2018,17:26:31,Interval,33.8,43.9,43.2,39.3,31.9,O/C,Under,O/C,
26/10/2018,17:27:01,Interval,33.7,43.9,43.2,39.2,31.8,O/C,Under,O/C,
26/10/2018,17:27:31,Interval,33.7,43.9,43.2,39.2,31.8,O/C,Under,O/C,
26/10/2018,17:28:01,Interval,33.8,43.9,43.2,39.2,31.8,O/C,Under,O/C,
26/10/2018,17:28:31,Interval,33.7,43.9,43.2,39.3,31.8,O/C,Under,O/C,
26/10/2018,17:29:01,Interval,33.8,44.0,43.2,39.2,31.8,O/C,Under,O/C,
26/10/2018,17:29:31,Interval,33.7,44.0,43.2,39.2,31.8,O/C,Under,O/C,
26/10/2018,17:30:01,Interval,33.7,43.9,43.2,39.2,31.8,O/C,Under,O/C,
26/10/2018,17:30:31,Interval,33.8,43.9,43.2,39.2,31.8,O/C,Under,O/C,
26/10/2018,17:31:01,Interval,33.7,43.9,43.2,39.1,31.9,O/C,Under,O/C,
26/10/2018,17:31:31,Interval,33.7,43.9,43.2,39.1,31.9,O/C,Under,O/C,
26/10/2018,17:32:01,Interval,33.7,43.9,43.2,39.1,31.8,O/C,Under,O/C,
26/10/2018,17:32:31,Interval,33.8,43.8,43.2,39.0,32.0,O/C,Under,O/C,
26/10/2018,17:33:01,Interval,33.9,43.7,43.1,38.9,32.1,O/C,Under,O/C,
26/10/2018,17:33:31,Interval,33.9,43.5,43.0,38.8,32.1,O/C,Under,O/C,
26/10/2018,17:34:01,Interval,34.0,43.4,42.9,38.8,32.1,O/C,Under,O/C,
26/10/2018,17:34:31,Interval,34.1,43.4,42.9,38.8,32.1,O/C,Under,O/C,
26/10/2018,17:35:01,Interval,34.1,43.2,42.8,38.8,32.1,O/C,Under,O/C,
26/10/2018,17:35:31,Interval,34.1,43.1,42.7,38.7,32.1,O/C,Under,O/C,
26/10/2018,17:36:01,Interval,34.1,43.0,42.7,38.7,32.1,O/C,Under,O/C,
26/10/2018,17:36:31,Interval,34.1,42.9,42.5,38.6,31.9,O/C,Under,O/C,
26/10/2018,17:37:01,Interval,34.1,42.8,42.5,38.5,31.9,O/C,Under,O/C,
26/10/2018,17:37:31,Interval,34.1,42.7,42.3,38.4,31.9,O/C,Under,O/C,
26/10/2018,17:38:01,Interval,34.0,42.5,42.2,38.3,31.8,O/C,Under,O/C,
26/10/2018,17:38:31,Interval,34.0,42.4,42.0,38.2,31.9,O/C,Under,O/C,
26/10/2018,17:39:01,Interval,33.9,42.2,41.9,38.1,31.8,O/C,Under,O/C,
26/10/2018,17:39:31,Interval,33.8,42.1,41.7,38.0,31.9,O/C,Under,O/C,
26/10/2018,17:40:01,Interval,33.9,42.0,41.6,37.8,31.8,O/C,Under,O/C,
26/10/2018,17:40:31,Interval,33.9,41.9,41.5,37.8,31.8,O/C,Under,O/C,
26/10/2018,17:41:01,Interval,33.8,41.8,41.4,37.7,31.8,O/C,Under,O/C,
26/10/2018,17:41:31,Interval,33.8,41.7,41.3,37.7,31.7,O/C,Under,O/C,
26/10/2018,17:42:01,Interval,33.7,41.6,41.2,37.6,31.7,O/C,Under,O/C,
26/10/2018,17:42:31,Interval,33.7,41.5,41.1,37.5,31.7,O/C,Under,O/C,
26/10/2018,17:43:01,Interval,33.7,41.5,41.1,37.5,31.7,O/C,Under,O/C,
26/10/2018,17:43:31,Interval,33.7,41.4,41.0,37.5,31.8,O/C,Under,O/C,
26/10/2018,17:44:01,Interval,33.7,41.4,40.9,37.5,31.8,O/C,Under,O/C,
26/10/2018,17:44:31,Interval,33.8,41.3,40.9,37.5,31.7,O/C,Under,O/C,
26/10/2018,17:45:01,Interval,33.7,41.3,40.8,37.4,31.7,O/C,Under,O/C,
26/10/2018,17:45:31,Interval,33.7,41.3,40.8,37.4,31.7,O/C,Under,O/C,
26/10/2018,17:46:01,Interval,33.7,41.2,40.8,37.4,31.7,O/C,Under,O/C,
26/10/2018,17:46:31,Interval,33.8,41.2,40.7,37.4,31.8,O/C,Under,O/C,
26/10/2018,17:47:01,Interval,33.8,41.1,40.7,37.4,31.8,O/C,Under,O/C,
26/10/2018,17:47:31,Interval,33.8,41.1,40.6,37.4,31.9,O/C,Under,O/C,
26/10/2018,17:48:01,Interval,33.8,41.0,40.6,37.4,31.9,O/C,Under,O/C,
26/10/2018,17:48:31,Interval,33.8,41.0,40.5,37.4,31.9,O/C,Under,O/C,
26/10/2018,17:49:01,Interval,33.7,40.9,40.4,37.3,31.9,O/C,Under,O/C,
26/10/2018,17:49:31,Interval,33.8,40.8,40.4,37.3,31.9,O/C,Under,O/C,
26/10/2018,17:50:01,Interval,33.8,40.8,40.3,37.3,31.9,O/C,Under,O/C,
26/10/2018,17:50:31,Interval,33.8,40.8,40.3,37.3,31.9,O/C,Under,O/C,
26/10/2018,17:51:01,Interval,33.7,40.8,40.3,37.3,31.9,O/C,Under,O/C,
26/10/2018,17:51:31,Interval,33.8,40.7,40.3,37.2,31.9,O/C,Under,O/C,
26/10/2018,17:52:01,Interval,33.8,40.7,40.2,37.2,32.0,O/C,Under,O/C,
26/10/2018,17:52:31,Interval,33.7,40.7,40.2,37.2,32.0,O/C,Under,O/C,
26/10/2018,17:53:01,Interval,33.7,40.6,40.1,37.2,32.0,O/C,Under,O/C,
26/10/2018,17:53:31,Interval,33.8,40.6,40.1,37.1,32.0,O/C,Under,O/C,
26/10/2018,17:54:01,Interval,33.8,40.5,40.0,37.1,31.9,O/C,Under,O/C,
26/10/2018,17:54:31,Interval,33.8,40.5,40.0,37.1,31.9,O/C,Under,O/C,
26/10/2018,17:55:01,Interval,34.0,40.5,39.9,37.1,31.9,O/C,Under,O/C,
26/10/2018,17:55:31,Interval,#N/A,40.7,39.9,37.0,31.9,O/C,Under,O/C,
26/10/2018,17:56:01,Interval,#N/A,40.7,39.9,37.0,32.0,O/C,Under,O/C,
26/10/2018,17:56:31,Interval,#N/A,40.7,39.9,37.0,32.1,O/C,Under,O/C,
26/10/2018,17:57:01,Interval,1104.7,40.6,39.8,37.0,32.1,O/C,Under,O/C,
26/10/2018,17:57:31,Interval,1081.1,40.6,39.9,37.0,32.1,O/C,Under,O/C,
26/10/2018,17:58:01,Interval,1090.0,40.6,39.8,37.0,32.2,O/C,Under,O/C,
26/10/2018,17:58:31,Interval,1065.4,40.6,39.8,37.0,32.1,O/C,Under,O/C,
26/10/2018,17:59:01,Interval,804.6,40.5,39.8,37.0,32.1,O/C,Under,O/C,
26/10/2018,17:59:31,Interval,955.7,40.5,39.8,37.0,32.1,O/C,Under,O/C,
26/10/2018,18:00:01,Interval,938.8,40.5,39.7,37.0,32.2,O/C,Under,O/C,
26/10/2018,18:00:31,Interval,1062.6,40.5,39.7,37.1,32.2,O/C,Under,O/C,
26/10/2018,18:01:01,Interval,814.7,40.5,39.7,37.0,32.2,O/C,Under,O/C,
26/10/2018,18:01:31,Interval,1039.4,40.4,39.7,37.0,32.2,O/C,Under,O/C,
26/10/2018,18:02:01,Interval,1126.2,40.4,39.7,37.0,32.2,O/C,Under,O/C,
26/10/2018,18:02:31,Interval,1193.5,40.5,39.7,37.1,32.1,O/C,Under,O/C,
26/10/2018,18:03:01,Interval,1121.5,40.5,39.7,37.0,32.1,O/C,Under,O/C,
26/10/2018,18:03:31,Interval,1149.2,40.4,39.7,37.1,32.1,O/C,Under,O/C,
26/10/2018,18:04:01,Interval,1107.0,40.4,39.6,37.1,32.2,O/C,Under,O/C,
26/10/2018,18:04:31,Interval,1161.9,40.4,39.6,37.1,32.4,O/C,Under,O/C,
26/10/2018,18:05:01,Interval,1116.5,40.4,39.6,37.0,32.3,O/C,Under,O/C,
26/10/2018,18:05:31,Interval,1131.3,40.4,39.6,37.1,32.5,O/C,Under,O/C,
26/10/2018,18:06:01,Interval,1099.7,40.4,39.6,37.1,32.5,O/C,Under,O/C,
26/10/2018,18:06:31,Interval,#N/A,40.3,39.6,37.1,32.4,O/C,Under,O/C,
26/10/2018,18:07:01,Interval,1173.9,40.4,39.6,37.1,32.4,O/C,Under,O/C,
26/10/2018,18:07:31,Interval,1156.2,40.4,39.6,37.1,32.3,O/C,Under,O/C,
26/10/2018,18:08:01,Interval,1171.4,40.3,39.6,37.1,32.3,O/C,Under,O/C,
26/10/2018,18:08:31,Interval,#N/A,40.3,39.5,37.1,32.3,O/C,Under,O/C,
26/10/2018,18:09:01,Interval,1188.2,40.3,39.5,37.0,32.4,O/C,Under,O/C,
26/10/2018,18:09:31,Interval,1168.7,40.2,39.5,37.0,32.4,O/C,Under,O/C,
26/10/2018,18:10:01,Interval,1188.4,40.2,39.5,37.0,32.4,O/C,Under,O/C,
26/10/2018,18:10:31,Interval,#N/A,40.2,39.4,37.0,32.4,O/C,Under,O/C,
26/10/2018,18:11:01,Interval,#N/A,40.2,39.4,37.0,32.4,O/C,Under,O/C,
26/10/2018,18:11:31,Interval,#N/A,40.1,39.4,37.0,32.4,O/C,Under,O/C,
26/10/2018,18:12:01,Interval,#N/A,40.1,39.4,37.0,32.3,O/C,Under,O/C,
26/10/2018,18:12:31,Interval,#N/A,40.2,39.4,37.0,32.4,O/C,Under,O/C,
26/10/2018,18:13:01,Interval,#N/A,40.2,39.4,37.0,32.4,O/C,Under,O/C,
26/10/2018,18:13:31,Interval,#N/A,40.2,39.4,37.0,32.5,O/C,Under,O/C,
26/10/2018,18:14:01,Interval,#N/A,40.1,39.4,37.0,32.5,O/C,Under,O/C,
26/10/2018,18:14:31,Interval,#N/A,40.2,39.4,37.1,32.5,O/C,Under,O/C,
26/10/2018,18:15:01,Interval,#N/A,40.2,39.4,37.0,32.6,O/C,Under,O/C,
26/10/2018,18:15:31,Interval,#N/A,40.1,39.4,37.0,32.5,O/C,Under,O/C,
26/10/2018,18:16:01,Interval,#N/A,40.1,39.4,37.1,32.5,O/C,Under,O/C,
26/10/2018,18:16:31,Interval,#N/A,40.2,39.5,37.1,32.5,O/C,Under,O/C,
26/10/2018,18:17:01,Interval,#N/A,40.3,39.5,37.2,32.5,O/C,Under,O/C,
26/10/2018,18:17:31,Interval,#N/A,40.6,39.7,37.3,32.6,O/C,Under,O/C,
26/10/2018,18:18:01,Interval,#N/A,41.4,40.4,37.6,32.7,O/C,Under,O/C,
26/10/2018,18:18:31,Interval,#N/A,42.1,41.1,37.9,32.6,O/C,Under,O/C,
26/10/2018,18:19:01,Interval,#N/A,42.8,41.7,38.0,32.6,O/C,Under,O/C,
26/10/2018,18:19:31,Interval,#N/A,43.3,42.2,38.2,32.6,O/C,Under,O/C,
26/10/2018,18:20:01,Interval,#N/A,43.7,42.5,38.3,32.4,O/C,Under,O/C,
26/10/2018,18:20:31,Interval,#N/A,44.1,42.9,38.4,32.4,O/C,Under,O/C,
26/10/2018,18:21:01,Interval,#N/A,44.4,43.2,38.4,32.3,O/C,Under,O/C,
26/10/2018,18:21:31,Interval,#N/A,44.6,43.4,38.5,32.3,O/C,Under,O/C,
26/10/2018,18:22:01,Interval,#N/A,44.9,43.7,38.6,32.4,O/C,Under,O/C,
26/10/2018,18:22:31,Interval,#N/A,45.2,43.9,38.7,32.4,O/C,Under,O/C,
26/10/2018,18:23:01,Interval,#N/A,45.4,44.2,38.8,32.4,O/C,Under,O/C,
26/10/2018,18:23:31,Interval,#N/A,45.6,44.4,38.8,32.3,O/C,Under,O/C,
26/10/2018,18:24:01,Interval,#N/A,45.8,44.6,38.9,32.3,O/C,Under,O/C,
26/10/2018,18:24:31,Interval,#N/A,46.0,44.9,39.0,32.2,O/C,Under,O/C,
26/10/2018,18:25:01,Interval,#N/A,46.1,45.0,39.0,32.2,O/C,Under,O/C,
26/10/2018,18:25:31,Interval,#N/A,46.3,45.2,39.0,32.2,O/C,Under,O/C,
26/10/2018,18:26:01,Interval,#N/A,46.4,45.4,39.0,32.1,O/C,Under,O/C,
26/10/2018,18:26:31,Interval,#N/A,46.6,45.5,39.1,32.1,O/C,Under,O/C,
26/10/2018,18:27:01,Interval,#N/A,46.7,45.7,39.1,32.1,O/C,Under,O/C,
26/10/2018,18:27:31,Interval,#N/A,46.8,45.8,39.2,32.0,O/C,Under,O/C,
26/10/2018,18:28:01,Interval,#N/A,46.9,46.0,39.2,32.0,O/C,Under,O/C,
26/10/2018,18:28:31,Interval,#N/A,47.1,46.1,39.3,31.9,O/C,Under,O/C,
26/10/2018,18:29:01,Interval,#N/A,47.2,46.3,39.3,31.9,O/C,Under,O/C,
26/10/2018,18:29:31,Interval,#N/A,47.3,46.4,39.3,31.8,O/C,Under,O/C,
26/10/2018,18:30:01,Interval,#N/A,47.4,46.6,39.3,31.8,O/C,Under,O/C,
26/10/2018,18:30:31,Interval,#N/A,47.5,46.7,39.4,31.8,O/C,Under,O/C,
26/10/2018,18:31:01,Interval,34.5,47.3,46.7,39.3,31.8,O/C,Under,O/C,
26/10/2018,18:31:31,Interval,34.5,47.5,46.9,39.4,31.7,O/C,Under,O/C,
26/10/2018,18:32:01,Interval,34.5,47.6,47.0,39.4,31.7,O/C,Under,O/C,
26/10/2018,18:32:31,Interval,34.6,47.7,47.1,39.4,31.7,O/C,Under,O/C,
26/10/2018,18:33:01,Interval,34.5,47.7,47.2,39.5,31.7,O/C,Under,O/C,
26/10/2018,18:33:31,Interval,34.7,47.8,47.3,39.4,31.6,O/C,Under,O/C,
26/10/2018,18:34:01,Interval,34.7,47.9,47.4,39.5,31.5,O/C,Under,O/C,
26/10/2018,18:34:31,Interval,35.1,48.0,47.5,39.5,31.6,O/C,Under,O/C,
26/10/2018,18:35:01,Interval,34.7,48.1,47.7,39.5,31.5,O/C,Under,O/C,
26/10/2018,18:35:31,Interval,34.7,48.2,47.8,39.5,31.5,O/C,Under,O/C,
26/10/2018,18:36:01,Interval,34.8,48.3,47.9,39.6,31.5,O/C,Under,O/C,
26/10/2018,18:36:31,Interval,34.8,48.4,48.0,39.6,31.4,O/C,Under,O/C,
26/10/2018,18:37:01,Interval,34.8,48.4,48.0,39.6,31.3,O/C,Under,O/C,
26/10/2018,18:37:31,Interval,34.8,48.5,48.1,39.7,31.2,O/C,Under,O/C,
26/10/2018,18:38:01,Interval,34.8,48.7,48.2,39.7,31.3,O/C,Under,O/C,
26/10/2018,18:38:31,Interval,34.8,48.7,48.3,39.8,31.3,O/C,Under,O/C,
26/10/2018,18:39:01,Interval,34.9,48.8,48.4,39.7,31.3,O/C,Under,O/C,
26/10/2018,18:39:31,Interval,34.9,48.9,48.5,39.8,31.3,O/C,Under,O/C,
26/10/2018,18:40:01,Interval,34.9,48.9,48.5,39.8,31.4,O/C,Under,O/C,
26/10/2018,18:40:31,Interval,34.9,49.0,48.6,39.8,31.3,O/C,Under,O/C,
26/10/2018,18:41:01,Interval,34.9,49.0,48.6,39.8,31.3,O/C,Under,O/C,
26/10/2018,18:41:31,Interval,34.9,49.1,48.7,39.8,31.2,O/C,Under,O/C,
26/10/2018,18:42:01,Interval,35.0,49.1,48.8,39.8,31.1,O/C,Under,O/C,
26/10/2018,18:42:31,Interval,35.0,49.2,48.8,39.8,31.2,O/C,Under,O/C,
26/10/2018,18:43:01,Interval,35.0,49.2,48.8,39.8,31.1,O/C,Under,O/C,
26/10/2018,18:43:31,Interval,35.0,49.2,48.9,39.8,31.1,O/C,Under,O/C,
26/10/2018,18:44:01,Interval,35.0,49.3,48.9,39.8,31.1,O/C,Under,O/C,
26/10/2018,18:44:31,Interval,35.1,49.4,49.1,39.9,31.1,O/C,Under,O/C,
26/10/2018,18:45:01,Interval,35.1,49.4,49.1,39.8,31.1,O/C,Under,O/C,
26/10/2018,18:45:31,Interval,35.1,49.5,49.2,39.8,30.9,O/C,Under,O/C,
26/10/2018,18:46:01,Interval,35.2,49.6,49.3,39.8,30.9,O/C,Under,O/C,
26/10/2018,18:46:31,Interval,35.3,49.6,49.3,39.8,30.9,O/C,Under,O/C,
26/10/2018,18:47:01,Interval,35.2,49.7,49.3,39.9,30.9,O/C,Under,O/C,
26/10/2018,18:47:31,Interval,35.3,49.7,49.4,39.9,31.0,O/C,Under,O/C,
26/10/2018,18:48:01,Interval,35.4,49.8,49.5,39.9,31.0,O/C,Under,O/C,
26/10/2018,18:48:31,Interval,35.5,49.8,49.5,39.9,31.0,O/C,Under,O/C,
26/10/2018,18:49:01,Interval,35.5,49.8,49.6,39.9,31.0,O/C,Under,O/C,
26/10/2018,18:49:31,Interval,35.6,49.9,49.6,39.9,30.9,O/C,Under,O/C,
26/10/2018,18:50:01,Interval,35.8,49.9,49.6,39.9,30.8,O/C,Under,O/C,
26/10/2018,18:50:31,Interval,35.9,50.1,49.7,40.0,30.9,O/C,Under,O/C,
26/10/2018,18:51:01,Interval,35.9,50.1,49.8,39.9,30.8,O/C,Under,O/C,
26/10/2018,18:51:31,Interval,36.3,50.1,49.8,40.0,30.8,O/C,Under,O/C,
26/10/2018,18:52:01,Interval,#N/A,50.4,49.8,40.0,30.9,O/C,Under,O/C,
26/10/2018,18:52:31,Interval,#N/A,50.5,49.9,40.0,30.9,O/C,Under,O/C,
26/10/2018,18:53:01,Interval,#N/A,50.5,50.0,40.0,30.8,O/C,Under,O/C,
26/10/2018,18:53:31,Interval,#N/A,50.5,50.0,40.0,30.8,O/C,Under,O/C,
26/10/2018,18:54:01,Interval,#N/A,50.6,50.0,40.0,30.8,O/C,Under,O/C,
26/10/2018,18:54:31,Interval,#N/A,50.6,50.1,40.0,30.7,O/C,Under,O/C,
26/10/2018,18:55:01,Interval,#N/A,50.7,50.1,40.0,30.7,O/C,Under,O/C,
26/10/2018,18:55:31,Interval,#N/A,50.7,50.2,40.0,30.6,O/C,Under,O/C,
26/10/2018,18:56:01,Interval,#N/A,50.7,50.2,40.0,30.6,O/C,Under,O/C,
26/10/2018,18:56:31,Interval,#N/A,50.9,50.3,40.1,30.7,O/C,Under,O/C,
26/10/2018,18:57:01,Interval,#N/A,50.9,50.3,40.0,30.8,O/C,Under,O/C,
26/10/2018,18:57:31,Interval,#N/A,50.9,50.4,40.1,30.8,O/C,Under,O/C,
26/10/2018,18:58:01,Interval,#N/A,51.0,50.4,40.1,30.7,O/C,Under,O/C,
26/10/2018,18:58:31,Interval,#N/A,51.0,50.4,40.1,30.6,O/C,Under,O/C,
26/10/2018,18:59:01,Interval,#N/A,51.0,50.4,40.1,30.7,O/C,Under,O/C,
26/10/2018,18:59:31,Interval,#N/A,51.0,50.4,40.1,30.6,O/C,Under,O/C,
26/10/2018,19:00:01,Interval,#N/A,51.0,50.4,40.1,30.6,O/C,Under,O/C,
26/10/2018,19:00:31,Interval,#N/A,51.0,50.5,40.1,30.6,O/C,Under,O/C,
26/10/2018,19:01:01,Interval,#N/A,51.0,50.5,40.0,30.6,O/C,Under,O/C,
26/10/2018,19:01:31,Interval,#N/A,51.1,50.5,40.1,30.6,O/C,Under,O/C,
26/10/2018,19:02:01,Interval,977.1,51.1,50.5,40.1,30.5,O/C,Under,O/C,
26/10/2018,19:02:31,Interval,#N/A,51.2,50.6,40.1,30.5,O/C,Under,O/C,
26/10/2018,19:03:01,Interval,#N/A,51.2,50.6,40.1,30.5,O/C,Under,O/C,
26/10/2018,19:03:31,Interval,#N/A,51.2,50.6,40.1,30.4,O/C,Under,O/C,
26/10/2018,19:04:01,Interval,#N/A,51.2,50.7,40.1,30.4,O/C,Under,O/C,
26/10/2018,19:04:31,Interval,#N/A,51.4,50.7,40.1,30.5,O/C,Under,O/C,
26/10/2018,19:05:01,Interval,1032.5,51.4,50.8,40.2,30.5,O/C,Under,O/C,
26/10/2018,19:05:31,Interval,#N/A,51.4,50.8,40.1,30.5,O/C,Under,O/C,
26/10/2018,19:06:01,Interval,#N/A,51.4,50.8,40.1,30.6,O/C,Under,O/C,
26/10/2018,19:06:31,Interval,#N/A,51.4,50.8,40.2,30.5,O/C,Under,O/C,
26/10/2018,19:07:01,Interval,#N/A,51.4,50.8,40.2,30.5,O/C,Under,O/C,
26/10/2018,19:07:31,Interval,#N/A,51.5,50.9,40.2,30.4,O/C,Under,O/C,
26/10/2018,19:08:01,Interval,#N/A,51.5,50.9,40.2,30.3,O/C,Under,O/C,
26/10/2018,19:08:31,Interval,#N/A,51.6,51.0,40.2,30.4,O/C,Under,O/C,
26/10/2018,19:09:01,Interval,#N/A,51.5,50.9,40.2,30.4,O/C,Under,O/C,
26/10/2018,19:09:31,Interval,#N/A,51.5,50.9,40.1,30.4,O/C,Under,O/C,
26/10/2018,19:10:01,Interval,#N/A,51.5,50.9,40.1,30.4,O/C,Under,O/C,
26/10/2018,19:10:31,Interval,35.9,51.3,50.9,40.2,30.4,O/C,Under,O/C,
26/10/2018,19:11:01,Interval,35.9,51.3,50.9,40.1,30.4,O/C,Under,O/C,
26/10/2018,19:11:31,Interval,35.6,51.2,50.8,40.1,30.2,O/C,Under,O/C,
26/10/2018,19:12:01,Interval,35.5,51.2,50.7,39.9,30.0,O/C,Under,O/C,
26/10/2018,19:12:31,Interval,35.5,51.0,50.6,39.8,30.0,O/C,Under,O/C,
26/10/2018,19:13:01,Interval,35.2,51.0,50.5,39.6,30.1,O/C,Under,O/C,
26/10/2018,19:13:31,Interval,35.1,50.9,50.4,39.6,30.0,O/C,Under,O/C,
26/10/2018,19:14:01,Interval,35.1,50.9,50.5,39.6,30.1,O/C,Under,O/C,
26/10/2018,19:14:31,Interval,35.1,51.0,50.5,39.7,30.2,O/C,Under,O/C,
26/10/2018,19:15:01,Interval,35.0,51.0,50.6,39.7,30.2,O/C,Under,O/C,
26/10/2018,19:15:31,Interval,35.1,51.2,50.7,39.9,30.2,O/C,Under,O/C,
26/10/2018,19:16:01,Interval,35.1,51.2,50.8,39.9,30.3,O/C,Under,O/C,
26/10/2018,19:16:31,Interval,35.2,51.3,50.9,40.0,30.3,O/C,Under,O/C,
26/10/2018,19:17:01,Interval,35.4,51.4,51.0,40.1,30.4,O/C,Under,O/C,
26/10/2018,19:17:31,Interval,35.5,51.6,51.2,40.2,30.4,O/C,Under,O/C,
26/10/2018,19:18:01,Interval,35.7,51.6,51.3,40.2,30.5,O/C,Under,O/C,
26/10/2018,19:18:31,Interval,137.5,51.9,51.3,40.2,30.5,O/C,Under,O/C,
26/10/2018,19:19:01,Interval,219.3,51.9,51.3,40.2,30.5,O/C,Under,O/C,
26/10/2018,19:19:31,Interval,133.1,52.0,51.4,40.3,30.6,O/C,Under,O/C,
26/10/2018,19:20:01,Interval,131.1,52.0,51.4,40.3,30.5,O/C,Under,O/C,
26/10/2018,19:20:31,Interval,131.4,52.0,51.4,40.3,30.6,O/C,Under,O/C,
26/10/2018,19:21:01,Interval,44.4,52.0,51.4,40.3,30.5,O/C,Under,O/C,
26/10/2018,19:21:31,Interval,39.1,52.0,51.5,40.4,30.6,O/C,Under,O/C,
26/10/2018,19:22:01,Interval,38.6,51.9,51.6,40.4,30.6,O/C,Under,O/C,
26/10/2018,19:22:31,Interval,35.3,51.8,51.6,40.4,30.6,O/C,Under,O/C,
26/10/2018,19:23:01,Interval,35.3,51.9,51.6,40.4,30.7,O/C,Under,O/C,
26/10/2018,19:23:31,Interval,35.1,51.9,51.6,40.4,30.6,O/C,Under,O/C,
26/10/2018,19:24:01,Interval,35.7,51.8,51.6,40.4,30.7,O/C,Under,O/C,
26/10/2018,19:24:31,Interval,81.0,52.1,51.6,40.4,30.7,O/C,Under,O/C,
26/10/2018,19:25:01,Interval,144.4,52.1,51.7,40.4,30.6,O/C,Under,O/C,
26/10/2018,19:25:31,Interval,34.9,51.9,51.7,40.4,30.5,O/C,Under,O/C,
26/10/2018,19:26:01,Interval,34.8,51.8,51.7,40.4,30.6,O/C,Under,O/C,
26/10/2018,19:26:31,Interval,34.9,51.9,51.6,40.4,30.5,O/C,Under,O/C,
26/10/2018,19:27:01,Interval,34.9,51.9,51.6,40.3,30.4,O/C,Under,O/C,
26/10/2018,19:27:31,Interval,34.7,51.9,51.6,40.3,30.5,O/C,Under,O/C,
26/10/2018,19:28:01,Interval,34.7,51.8,51.6,40.3,30.3,O/C,Under,O/C,
26/10/2018,19:28:31,Interval,34.7,51.8,51.6,40.2,30.4,O/C,Under,O/C,
26/10/2018,19:29:01,Interval,34.7,51.8,51.6,40.2,30.4,O/C,Under,O/C,
26/10/2018,19:29:31,Interval,34.7,51.8,51.6,40.2,30.5,O/C,Under,O/C,
26/10/2018,19:30:01,Interval,34.8,51.8,51.7,40.2,30.5,O/C,Under,O/C,
26/10/2018,19:30:31,Interval,34.7,51.9,51.7,40.3,30.5,O/C,Under,O/C,
26/10/2018,19:31:01,Interval,34.8,51.9,51.7,40.3,30.5,O/C,Under,O/C,
26/10/2018,19:31:31,Interval,34.7,51.9,51.8,40.3,30.6,O/C,Under,O/C,
26/10/2018,19:32:01,Interval,34.6,51.9,51.8,40.3,30.6,O/C,Under,O/C,
26/10/2018,19:32:31,Interval,34.7,51.9,51.8,40.3,30.5,O/C,Under,O/C,
26/10/2018,19:33:01,Interval,34.6,51.9,51.8,40.3,30.6,O/C,Under,O/C,
26/10/2018,19:33:31,Interval,34.7,52.0,51.8,40.4,30.5,O/C,Under,O/C,
26/10/2018,19:34:01,Interval,34.5,51.9,51.8,40.4,30.5,O/C,Under,O/C,
26/10/2018,19:34:31,Interval,34.7,51.9,51.8,40.4,30.4,O/C,Under,O/C,
26/10/2018,19:35:01,Interval,34.7,52.0,51.8,40.4,30.4,O/C,Under,O/C,
26/10/2018,19:35:31,Interval,34.7,52.1,51.9,40.4,30.4,O/C,Under,O/C,
26/10/2018,19:36:01,Interval,34.6,52.0,51.8,40.3,30.3,O/C,Under,O/C,
26/10/2018,19:36:31,Interval,34.6,51.9,51.8,40.3,30.3,O/C,Under,O/C,
26/10/2018,19:37:01,Interval,34.6,51.9,51.8,40.3,30.4,O/C,Under,O/C,
26/10/2018,19:37:31,Interval,34.5,51.8,51.8,40.3,30.4,O/C,Under,O/C,
26/10/2018,19:38:01,Interval,34.5,51.9,51.8,40.3,30.4,O/C,Under,O/C,
26/10/2018,19:38:31,Interval,34.6,51.9,51.8,40.3,30.4,O/C,Under,O/C,
26/10/2018,19:39:01,Interval,34.5,51.9,51.9,40.3,30.4,O/C,Under,O/C,
26/10/2018,19:39:31,Interval,34.6,51.9,51.8,40.3,30.4,O/C,Under,O/C,
26/10/2018,19:40:01,Interval,34.5,51.8,51.8,40.2,30.5,O/C,Under,O/C,
26/10/2018,19:40:31,Interval,34.6,51.9,51.9,40.3,30.4,O/C,Under,O/C,
26/10/2018,19:41:01,Interval,34.5,51.8,51.8,40.3,30.5,O/C,Under,O/C,
26/10/2018,19:41:31,Interval,34.5,51.9,51.8,40.3,30.4,O/C,Under,O/C,
26/10/2018,19:42:01,Interval,34.5,51.9,51.9,40.2,30.4,O/C,Under,O/C,
26/10/2018,19:42:31,Interval,34.7,52.0,51.9,40.3,30.4,O/C,Under,O/C,
26/10/2018,19:43:01,Interval,34.5,51.9,51.9,40.3,30.4,O/C,Under,O/C,
26/10/2018,19:43:31,Interval,34.5,52.0,52.0,40.4,30.2,O/C,Under,O/C,
26/10/2018,19:44:01,Interval,34.6,52.0,52.0,40.3,30.2,O/C,Under,O/C,
26/10/2018,19:44:31,Interval,34.7,52.0,52.0,40.3,30.3,O/C,Under,O/C,
26/10/2018,19:45:01,Interval,34.6,52.0,52.0,40.3,30.2,O/C,Under,O/C,
26/10/2018,19:45:31,Interval,34.7,52.0,51.9,40.2,30.3,O/C,Under,O/C,
26/10/2018,19:46:01,Interval,34.7,52.0,52.0,40.2,30.2,O/C,Under,O/C,
26/10/2018,19:46:31,Interval,34.7,52.0,52.0,40.3,30.3,O/C,Under,O/C,
26/10/2018,19:47:01,Interval,34.6,52.0,51.9,40.3,30.3,O/C,Under,O/C,
26/10/2018,19:47:31,Interval,34.5,52.0,51.9,40.3,30.3,O/C,Under,O/C,
26/10/2018,19:48:01,Interval,34.5,51.9,51.9,40.3,30.3,O/C,Under,O/C,
26/10/2018,19:48:31,Interval,34.7,52.0,51.9,40.3,30.4,O/C,Under,O/C,
26/10/2018,19:49:01,Interval,34.6,52.0,52.0,40.3,30.4,O/C,Under,O/C,
26/10/2018,19:49:31,Interval,34.7,52.1,52.0,40.3,30.3,O/C,Under,O/C,
26/10/2018,19:50:01,Interval,34.7,52.1,52.0,40.3,30.3,O/C,Under,O/C,
26/10/2018,19:50:31,Interval,34.6,52.0,51.9,40.2,30.4,O/C,Under,O/C,
26/10/2018,19:51:01,Interval,34.5,51.9,52.0,40.2,30.3,O/C,Under,O/C,
26/10/2018,19:51:31,Interval,34.5,51.9,51.9,40.2,30.2,O/C,Under,O/C,
26/10/2018,19:52:01,Interval,34.5,51.9,51.9,40.2,30.3,O/C,Under,O/C,
26/10/2018,19:52:31,Interval,34.5,51.9,51.9,40.2,30.3,O/C,Under,O/C,
26/10/2018,19:53:01,Interval,34.3,51.9,51.9,40.1,30.1,O/C,Under,O/C,
26/10/2018,19:53:31,Interval,34.5,51.9,51.8,40.2,30.2,O/C,Under,O/C,
26/10/2018,19:54:01,Interval,34.5,51.8,51.9,40.2,30.2,O/C,Under,O/C,
26/10/2018,19:54:31,Interval,34.5,51.9,51.8,40.2,30.2,O/C,Under,O/C,
26/10/2018,19:55:01,Interval,34.5,51.9,51.9,40.2,30.2,O/C,Under,O/C,
26/10/2018,19:55:31,Interval,34.6,51.9,51.8,40.1,30.2,O/C,Under,O/C,
26/10/2018,19:56:01,Interval,34.4,51.9,51.9,40.2,30.1,O/C,Under,O/C,
26/10/2018,19:56:31,Interval,34.4,51.9,51.9,40.1,30.2,O/C,Under,O/C,
26/10/2018,19:57:01,Interval,34.5,51.9,51.9,40.1,30.2,O/C,Under,O/C,
26/10/2018,19:57:31,Interval,34.3,51.1,51.2,39.8,30.3,O/C,Under,O/C,
26/10/2018,19:58:01,Interval,34.4,50.2,50.4,39.4,30.4,O/C,Under,O/C,
26/10/2018,19:58:31,Interval,34.5,49.4,49.6,39.2,30.5,O/C,Under,O/C,